timestamp,factory,target_zone,zone_type,risk_score,distance_km,wind_speed,wind_direction,hours_ahead,smoke_lat,smoke_lon
2026-04-18 23:26:02,Zone industrielle Sahline,Ville de Ksibet Mediouni,city,58,1.26,3.5,294.0,3,35.69654567194477,10.846222135126508
2026-04-18 23:26:02,Zone industrielle Ksibet,Ville de Moknine,city,53,1.73,3.5,294.0,3,35.64154576639827,10.926148973912555
2026-04-18 23:26:02,Zone industrielle Ksibet,Ville de Teboulba,city,29,3.95,3.5,294.0,3,35.64154576639827,10.926148973912555
2026-04-18 23:26:03,Zone industrielle Sahline,Ville de Ksibet Mediouni,city,58,1.26,3.5,294.0,3,35.69654567194477,10.846222135126508
2026-04-18 23:26:03,Zone industrielle Ksibet,Ville de Moknine,city,53,1.73,3.5,294.0,3,35.64154576639827,10.926148973912555
2026-04-18 23:26:03,Zone industrielle Ksibet,Ville de Teboulba,city,29,3.95,3.5,294.0,3,35.64154576639827,10.926148973912555
2026-04-18 23:26:07,Zone industrielle Sahline,Ville de Ksibet Mediouni,city,58,1.26,3.5,294.0,3,35.69654567194477,10.846222135126508
2026-04-18 23:26:07,Zone industrielle Ksibet,Ville de Moknine,city,53,1.73,3.5,294.0,3,35.64154576639827,10.926148973912555
2026-04-18 23:26:07,Zone industrielle Ksibet,Ville de Teboulba,city,29,3.95,3.5,294.0,3,35.64154576639827,10.926148973912555
2026-04-18 23:26:07,Zone industrielle Sahline,Ville de Ksibet Mediouni,city,58,1.26,3.5,294.0,3,35.69654567194477,10.846222135126508
2026-04-18 23:26:07,Zone industrielle Ksibet,Ville de Moknine,city,53,1.73,3.5,294.0,3,35.64154576639827,10.926148973912555
2026-04-18 23:26:07,Zone industrielle Ksibet,Ville de Teboulba,city,29,3.95,3.5,294.0,3,35.64154576639827,10.926148973912555
2026-04-18 23:28:43,Zone industrielle Sahline,Ville de Ksibet Mediouni,city,58,1.26,3.5,294.0,3,35.69654567194477,10.846222135126508
2026-04-18 23:28:43,Zone industrielle Ksibet,Ville de Moknine,city,53,1.73,3.5,294.0,3,35.64154576639827,10.926148973912555
2026-04-18 23:28:43,Zone industrielle Ksibet,Ville de Teboulba,city,29,3.95,3.5,294.0,3,35.64154576639827,10.926148973912555
2026-04-18 23:28:45,Zone industrielle Sahline,Ville de Ksibet Mediouni,city,58,1.26,3.5,294.0,3,35.69654567194477,10.846222135126508
2026-04-18 23:28:45,Zone industrielle Ksibet,Ville de Moknine,city,53,1.73,3.5,294.0,3,35.64154576639827,10.926148973912555
2026-04-18 23:28:45,Zone industrielle Ksibet,Ville de Teboulba,city,29,3.95,3.5,294.0,3,35.64154576639827,10.926148973912555
2026-04-18 23:28:49,Zone industrielle Sahline,Ville de Ksibet Mediouni,city,58,1.26,3.5,294.0,3,35.69654567194477,10.846222135126508
2026-04-18 23:28:49,Zone industrielle Ksibet,Ville de Moknine,city,53,1.73,3.5,294.0,3,35.64154576639827,10.926148973912555
2026-04-18 23:28:49,Zone industrielle Ksibet,Ville de Teboulba,city,29,3.95,3.5,294.0,3,35.64154576639827,10.926148973912555
2026-04-18 23:28:52,Zone industrielle Sahline,Ville de Ksibet Mediouni,city,58,1.26,3.5,294.0,3,35.69654567194477,10.846222135126508
2026-04-18 23:28:52,Zone industrielle Ksibet,Ville de Moknine,city,53,1.73,3.5,294.0,3,35.64154576639827,10.926148973912555
2026-04-18 23:28:52,Zone industrielle Ksibet,Ville de Teboulba,city,29,3.95,3.5,294.0,3,35.64154576639827,10.926148973912555
2026-04-18 23:29:22,Zone industrielle Moknine,Ville de Mahdia,city,23,4.86,3.5,294.0,6,35.5409989189706,11.092031551688876
2026-04-18 23:29:22,Zone industrielle Sahline,Ville de Moknine,city,21,4.7,3.5,294.0,6,35.65799811665416,10.9523417523979
2026-04-18 23:29:23,Zone industrielle Moknine,Ville de Mahdia,city,23,4.86,3.5,294.0,6,35.5409989189706,11.092031551688876
2026-04-18 23:29:23,Zone industrielle Sahline,Ville de Moknine,city,21,4.7,3.5,294.0,6,35.65799811665416,10.9523417523979
2026-04-18 23:29:46,Zone industrielle Moknine,Ville de Mahdia,city,23,4.86,3.5,294.0,6,35.5409989189706,11.092031551688876
2026-04-18 23:29:46,Zone industrielle Sahline,Ville de Moknine,city,21,4.7,3.5,294.0,6,35.65799811665416,10.9523417523979
2026-04-18 23:29:47,Zone industrielle Moknine,Ville de Mahdia,city,23,4.86,3.5,294.0,6,35.5409989189706,11.092031551688876
2026-04-18 23:29:47,Zone industrielle Sahline,Ville de Moknine,city,21,4.7,3.5,294.0,6,35.65799811665416,10.9523417523979
2026-04-18 23:29:51,Zone industrielle Moknine,Ville de Mahdia,city,23,4.86,3.5,294.0,6,35.5409989189706,11.092031551688876
2026-04-18 23:29:51,Zone industrielle Sahline,Ville de Moknine,city,21,4.7,3.5,294.0,6,35.65799811665416,10.9523417523979
2026-04-18 23:29:52,Zone industrielle Moknine,Ville de Mahdia,city,23,4.86,3.5,294.0,6,35.5409989189706,11.092031551688876
2026-04-18 23:29:52,Zone industrielle Sahline,Ville de Moknine,city,21,4.7,3.5,294.0,6,35.65799811665416,10.9523417523979
2026-04-18 23:29:55,Zone industrielle Moknine,Ville de Mahdia,city,23,4.86,3.5,294.0,6,35.5409989189706,11.092031551688876
2026-04-18 23:29:55,Zone industrielle Sahline,Ville de Moknine,city,21,4.7,3.5,294.0,6,35.65799811665416,10.9523417523979
2026-04-18 23:34:50,Zone industrielle Sahline,Ville de Ksibet Mediouni,city,58,1.26,3.5,294.0,3,35.69654567194477,10.846222135126508
2026-04-18 23:34:50,Zone industrielle Ksibet,Ville de Moknine,city,53,1.73,3.5,294.0,3,35.64154576639827,10.926148973912555
2026-04-18 23:34:50,Zone industrielle Ksibet,Ville de Teboulba,city,29,3.95,3.5,294.0,3,35.64154576639827,10.926148973912555
2026-04-18 23:34:51,Zone industrielle Sahline,Ville de Ksibet Mediouni,city,58,1.26,3.5,294.0,3,35.69654567194477,10.846222135126508
2026-04-18 23:34:51,Zone industrielle Ksibet,Ville de Moknine,city,53,1.73,3.5,294.0,3,35.64154576639827,10.926148973912555
2026-04-18 23:34:51,Zone industrielle Ksibet,Ville de Teboulba,city,29,3.95,3.5,294.0,3,35.64154576639827,10.926148973912555
2026-04-18 23:34:54,Zone industrielle Sahline,Ville de Ksibet Mediouni,city,58,1.26,3.5,294.0,3,35.69654567194477,10.846222135126508
2026-04-18 23:34:54,Zone industrielle Ksibet,Ville de Moknine,city,53,1.73,3.5,294.0,3,35.64154576639827,10.926148973912555
2026-04-18 23:34:54,Zone industrielle Ksibet,Ville de Teboulba,city,29,3.95,3.5,294.0,3,35.64154576639827,10.926148973912555
2026-04-18 23:34:55,Zone industrielle Sahline,Ville de Ksibet Mediouni,city,58,1.26,3.5,294.0,3,35.69654567194477,10.846222135126508
2026-04-18 23:34:55,Zone industrielle Ksibet,Ville de Moknine,city,53,1.73,3.5,294.0,3,35.64154576639827,10.926148973912555
2026-04-18 23:34:55,Zone industrielle Ksibet,Ville de Teboulba,city,29,3.95,3.5,294.0,3,35.64154576639827,10.926148973912555
2026-04-18 23:34:56,Zone industrielle Sahline,Ville de Ksibet Mediouni,city,58,1.26,3.5,294.0,3,35.69654567194477,10.846222135126508
2026-04-18 23:34:56,Zone industrielle Ksibet,Ville de Moknine,city,53,1.73,3.5,294.0,3,35.64154576639827,10.926148973912555
2026-04-18 23:34:56,Zone industrielle Ksibet,Ville de Teboulba,city,29,3.95,3.5,294.0,3,35.64154576639827,10.926148973912555
2026-04-18 23:34:58,Zone industrielle Sahline,Ville de Ksibet Mediouni,city,58,1.26,3.5,294.0,3,35.69654567194477,10.846222135126508
2026-04-18 23:34:58,Zone industrielle Ksibet,Ville de Moknine,city,53,1.73,3.5,294.0,3,35.64154576639827,10.926148973912555
2026-04-18 23:34:58,Zone industrielle Ksibet,Ville de Teboulba,city,29,3.95,3.5,294.0,3,35.64154576639827,10.926148973912555
2026-04-18 23:35:01,Zone industrielle Sahline,Ville de Ksibet Mediouni,city,58,1.26,3.5,294.0,3,35.69654567194477,10.846222135126508
2026-04-18 23:35:01,Zone industrielle Ksibet,Ville de Moknine,city,53,1.73,3.5,294.0,3,35.64154576639827,10.926148973912555
2026-04-18 23:35:01,Zone industrielle Ksibet,Ville de Teboulba,city,29,3.95,3.5,294.0,3,35.64154576639827,10.926148973912555
2026-04-18 23:35:02,Zone industrielle Sahline,Ville de Ksibet Mediouni,city,58,1.26,3.5,294.0,3,35.69654567194477,10.846222135126508
2026-04-18 23:35:02,Zone industrielle Ksibet,Ville de Moknine,city,53,1.73,3.5,294.0,3,35.64154576639827,10.926148973912555
2026-04-18 23:35:02,Zone industrielle Ksibet,Ville de Teboulba,city,29,3.95,3.5,294.0,3,35.64154576639827,10.926148973912555
2026-04-19 02:32:53,Zone industrielle Sahline,Ville de Ksibet Mediouni,city,41,2.83,4.2,290.0,3,35.69617301751675,10.87111426386949
2026-04-19 02:32:53,Zone industrielle Ksibet,Ville de Moknine,city,30,3.87,4.2,290.0,3,35.641173161425705,10.951023959299956
2026-04-19 02:32:53,Zone industrielle Sahline,Ville de Teboulba,city,30,3.91,4.2,290.0,3,35.69617301751675,10.87111426386949
2026-04-19 02:32:53,Zone industrielle Monastir,Ville de Teboulba,city,21,4.69,4.2,290.0,3,35.7111729782344,10.911138934976059
2026-04-19 02:32:57,Zone industrielle Sahline,Ville de Ksibet Mediouni,city,41,2.83,4.2,290.0,3,35.69617301751675,10.87111426386949
2026-04-19 02:32:57,Zone industrielle Ksibet,Ville de Moknine,city,30,3.87,4.2,290.0,3,35.641173161425705,10.951023959299956
2026-04-19 02:32:57,Zone industrielle Sahline,Ville de Teboulba,city,30,3.91,4.2,290.0,3,35.69617301751675,10.87111426386949
2026-04-19 02:32:57,Zone industrielle Monastir,Ville de Teboulba,city,21,4.69,4.2,290.0,3,35.7111729782344,10.911138934976059
2026-04-19 02:32:57,Zone industrielle Sahline,Ville de Ksibet Mediouni,city,41,2.83,4.2,290.0,3,35.69617301751675,10.87111426386949
2026-04-19 02:32:57,Zone industrielle Ksibet,Ville de Moknine,city,30,3.87,4.2,290.0,3,35.641173161425705,10.951023959299956
2026-04-19 02:32:57,Zone industrielle Sahline,Ville de Teboulba,city,30,3.91,4.2,290.0,3,35.69617301751675,10.87111426386949
2026-04-19 02:32:57,Zone industrielle Monastir,Ville de Teboulba,city,21,4.69,4.2,290.0,3,35.7111729782344,10.911138934976059
2026-04-19 02:33:43,Zone industrielle Sahline,Ville de Ksibet Mediouni,city,41,2.83,4.2,290.0,3,35.69617301751675,10.87111426386949
2026-04-19 02:33:43,Zone industrielle Ksibet,Ville de Moknine,city,30,3.87,4.2,290.0,3,35.641173161425705,10.951023959299956
2026-04-19 02:33:43,Zone industrielle Sahline,Ville de Teboulba,city,30,3.91,4.2,290.0,3,35.69617301751675,10.87111426386949
2026-04-19 02:33:43,Zone industrielle Monastir,Ville de Teboulba,city,21,4.69,4.2,290.0,3,35.7111729782344,10.911138934976059
2026-04-19 02:33:44,Zone industrielle Sahline,Ville de Ksibet Mediouni,city,41,2.83,4.2,290.0,3,35.69617301751675,10.87111426386949
2026-04-19 02:33:44,Zone industrielle Ksibet,Ville de Moknine,city,30,3.87,4.2,290.0,3,35.641173161425705,10.951023959299956
2026-04-19 02:33:44,Zone industrielle Sahline,Ville de Teboulba,city,30,3.91,4.2,290.0,3,35.69617301751675,10.87111426386949
2026-04-19 02:33:44,Zone industrielle Monastir,Ville de Teboulba,city,21,4.69,4.2,290.0,3,35.7111729782344,10.911138934976059
2026-04-19 02:33:45,Zone industrielle Sahline,Ville de Ksibet Mediouni,city,41,2.83,4.2,290.0,3,35.69617301751675,10.87111426386949
2026-04-19 02:33:45,Zone industrielle Ksibet,Ville de Moknine,city,30,3.87,4.2,290.0,3,35.641173161425705,10.951023959299956
2026-04-19 02:33:45,Zone industrielle Sahline,Ville de Teboulba,city,30,3.91,4.2,290.0,3,35.69617301751675,10.87111426386949
2026-04-19 02:33:45,Zone industrielle Monastir,Ville de Teboulba,city,21,4.69,4.2,290.0,3,35.7111729782344,10.911138934976059
2026-04-19 02:33:45,Zone industrielle Sahline,Ville de Ksibet Mediouni,city,41,2.83,4.2,290.0,3,35.69617301751675,10.87111426386949
2026-04-19 02:33:45,Zone industrielle Ksibet,Ville de Moknine,city,30,3.87,4.2,290.0,3,35.641173161425705,10.951023959299956
2026-04-19 02:33:45,Zone industrielle Sahline,Ville de Teboulba,city,30,3.91,4.2,290.0,3,35.69617301751675,10.87111426386949
2026-04-19 02:33:45,Zone industrielle Monastir,Ville de Teboulba,city,21,4.69,4.2,290.0,3,35.7111729782344,10.911138934976059
2026-04-19 02:33:46,Zone industrielle Sahline,Ville de Ksibet Mediouni,city,41,2.83,4.2,290.0,3,35.69617301751675,10.87111426386949
2026-04-19 02:33:46,Zone industrielle Ksibet,Ville de Moknine,city,30,3.87,4.2,290.0,3,35.641173161425705,10.951023959299956
2026-04-19 02:33:46,Zone industrielle Sahline,Ville de Teboulba,city,30,3.91,4.2,290.0,3,35.69617301751675,10.87111426386949
2026-04-19 02:33:46,Zone industrielle Monastir,Ville de Teboulba,city,21,4.69,4.2,290.0,3,35.7111729782344,10.911138934976059
2026-04-19 02:33:46,Zone industrielle Sahline,Ville de Ksibet Mediouni,city,41,2.83,4.2,290.0,3,35.69617301751675,10.87111426386949
2026-04-19 02:33:46,Zone industrielle Ksibet,Ville de Moknine,city,30,3.87,4.2,290.0,3,35.641173161425705,10.951023959299956
2026-04-19 02:33:46,Zone industrielle Sahline,Ville de Teboulba,city,30,3.91,4.2,290.0,3,35.69617301751675,10.87111426386949
2026-04-19 02:33:46,Zone industrielle Monastir,Ville de Teboulba,city,21,4.69,4.2,290.0,3,35.7111729782344,10.911138934976059
2026-04-19 02:33:48,Zone industrielle Sahline,Ville de Ksibet Mediouni,city,41,2.83,4.2,290.0,3,35.69617301751675,10.87111426386949
2026-04-19 02:33:48,Zone industrielle Ksibet,Ville de Moknine,city,30,3.87,4.2,290.0,3,35.641173161425705,10.951023959299956
2026-04-19 02:33:48,Zone industrielle Sahline,Ville de Teboulba,city,30,3.91,4.2,290.0,3,35.69617301751675,10.87111426386949
2026-04-19 02:33:48,Zone industrielle Monastir,Ville de Teboulba,city,21,4.69,4.2,290.0,3,35.7111729782344,10.911138934976059
2026-04-19 02:33:48,Zone industrielle Sahline,Ville de Ksibet Mediouni,city,41,2.83,4.2,290.0,3,35.69617301751675,10.87111426386949
2026-04-19 02:33:48,Zone industrielle Ksibet,Ville de Moknine,city,30,3.87,4.2,290.0,3,35.641173161425705,10.951023959299956
2026-04-19 02:33:48,Zone industrielle Sahline,Ville de Teboulba,city,30,3.91,4.2,290.0,3,35.69617301751675,10.87111426386949
2026-04-19 02:33:48,Zone industrielle Monastir,Ville de Teboulba,city,21,4.69,4.2,290.0,3,35.7111729782344,10.911138934976059
2026-04-19 02:33:49,Zone industrielle Sahline,Ville de Ksibet Mediouni,city,41,2.83,4.2,290.0,3,35.69617301751675,10.87111426386949
2026-04-19 02:33:49,Zone industrielle Ksibet,Ville de Moknine,city,30,3.87,4.2,290.0,3,35.641173161425705,10.951023959299956
2026-04-19 02:33:49,Zone industrielle Sahline,Ville de Teboulba,city,30,3.91,4.2,290.0,3,35.69617301751675,10.87111426386949
2026-04-19 02:33:49,Zone industrielle Monastir,Ville de Teboulba,city,21,4.69,4.2,290.0,3,35.7111729782344,10.911138934976059
2026-04-19 02:33:50,Zone industrielle Sahline,Ville de Ksibet Mediouni,city,41,2.83,4.2,290.0,3,35.69617301751675,10.87111426386949
2026-04-19 02:33:50,Zone industrielle Ksibet,Ville de Moknine,city,30,3.87,4.2,290.0,3,35.641173161425705,10.951023959299956
2026-04-19 02:33:50,Zone industrielle Sahline,Ville de Teboulba,city,30,3.91,4.2,290.0,3,35.69617301751675,10.87111426386949
2026-04-19 02:33:50,Zone industrielle Monastir,Ville de Teboulba,city,21,4.69,4.2,290.0,3,35.7111729782344,10.911138934976059
2026-04-19 02:33:51,Zone industrielle Sahline,Ville de Ksibet Mediouni,city,41,2.83,4.2,290.0,3,35.69617301751675,10.87111426386949
2026-04-19 02:33:51,Zone industrielle Ksibet,Ville de Moknine,city,30,3.87,4.2,290.0,3,35.641173161425705,10.951023959299956
2026-04-19 02:33:51,Zone industrielle Sahline,Ville de Teboulba,city,30,3.91,4.2,290.0,3,35.69617301751675,10.87111426386949
2026-04-19 02:33:51,Zone industrielle Monastir,Ville de Teboulba,city,21,4.69,4.2,290.0,3,35.7111729782344,10.911138934976059
2026-04-19 02:33:51,Zone industrielle Sahline,Ville de Ksibet Mediouni,city,41,2.83,4.2,290.0,3,35.69617301751675,10.87111426386949
2026-04-19 02:33:51,Zone industrielle Ksibet,Ville de Moknine,city,30,3.87,4.2,290.0,3,35.641173161425705,10.951023959299956
2026-04-19 02:33:51,Zone industrielle Sahline,Ville de Teboulba,city,30,3.91,4.2,290.0,3,35.69617301751675,10.87111426386949
2026-04-19 02:33:51,Zone industrielle Monastir,Ville de Teboulba,city,21,4.69,4.2,290.0,3,35.7111729782344,10.911138934976059
2026-04-19 02:33:52,Zone industrielle Sahline,Ville de Ksibet Mediouni,city,41,2.83,4.2,290.0,3,35.69617301751675,10.87111426386949
2026-04-19 02:33:52,Zone industrielle Ksibet,Ville de Moknine,city,30,3.87,4.2,290.0,3,35.641173161425705,10.951023959299956
2026-04-19 02:33:52,Zone industrielle Sahline,Ville de Teboulba,city,30,3.91,4.2,290.0,3,35.69617301751675,10.87111426386949
2026-04-19 02:33:52,Zone industrielle Monastir,Ville de Teboulba,city,21,4.69,4.2,290.0,3,35.7111729782344,10.911138934976059
2026-04-19 02:33:52,Zone industrielle Sahline,Ville de Ksibet Mediouni,city,41,2.83,4.2,290.0,3,35.69617301751675,10.87111426386949
2026-04-19 02:33:52,Zone industrielle Ksibet,Ville de Moknine,city,30,3.87,4.2,290.0,3,35.641173161425705,10.951023959299956
2026-04-19 02:33:52,Zone industrielle Sahline,Ville de Teboulba,city,30,3.91,4.2,290.0,3,35.69617301751675,10.87111426386949
2026-04-19 02:33:52,Zone industrielle Monastir,Ville de Teboulba,city,21,4.69,4.2,290.0,3,35.7111729782344,10.911138934976059
2026-04-19 02:33:54,Zone industrielle Sahline,Ville de Ksibet Mediouni,city,41,2.83,4.2,290.0,3,35.69617301751675,10.87111426386949
2026-04-19 02:33:54,Zone industrielle Ksibet,Ville de Moknine,city,30,3.87,4.2,290.0,3,35.641173161425705,10.951023959299956
2026-04-19 02:33:54,Zone industrielle Sahline,Ville de Teboulba,city,30,3.91,4.2,290.0,3,35.69617301751675,10.87111426386949
2026-04-19 02:33:54,Zone industrielle Monastir,Ville de Teboulba,city,21,4.69,4.2,290.0,3,35.7111729782344,10.911138934976059
2026-04-19 02:33:57,Zone industrielle Sahline,Ville de Ksibet Mediouni,city,41,2.83,4.2,290.0,3,35.69617301751675,10.87111426386949
2026-04-19 02:33:57,Zone industrielle Ksibet,Ville de Moknine,city,30,3.87,4.2,290.0,3,35.641173161425705,10.951023959299956
2026-04-19 02:33:57,Zone industrielle Sahline,Ville de Teboulba,city,30,3.91,4.2,290.0,3,35.69617301751675,10.87111426386949
2026-04-19 02:33:57,Zone industrielle Monastir,Ville de Teboulba,city,21,4.69,4.2,290.0,3,35.7111729782344,10.911138934976059
2026-04-19 02:33:58,Zone industrielle Sahline,Ville de Ksibet Mediouni,city,41,2.83,4.2,290.0,3,35.69617301751675,10.87111426386949
2026-04-19 02:33:58,Zone industrielle Ksibet,Ville de Moknine,city,30,3.87,4.2,290.0,3,35.641173161425705,10.951023959299956
2026-04-19 02:33:58,Zone industrielle Sahline,Ville de Teboulba,city,30,3.91,4.2,290.0,3,35.69617301751675,10.87111426386949
2026-04-19 02:33:58,Zone industrielle Monastir,Ville de Teboulba,city,21,4.69,4.2,290.0,3,35.7111729782344,10.911138934976059
2026-04-19 02:33:59,Zone industrielle Sahline,Ville de Ksibet Mediouni,city,41,2.83,4.2,290.0,3,35.69617301751675,10.87111426386949
2026-04-19 02:33:59,Zone industrielle Ksibet,Ville de Moknine,city,30,3.87,4.2,290.0,3,35.641173161425705,10.951023959299956
2026-04-19 02:33:59,Zone industrielle Sahline,Ville de Teboulba,city,30,3.91,4.2,290.0,3,35.69617301751675,10.87111426386949
2026-04-19 02:33:59,Zone industrielle Monastir,Ville de Teboulba,city,21,4.69,4.2,290.0,3,35.7111729782344,10.911138934976059
2026-04-19 02:34:00,Zone industrielle Sahline,Ville de Ksibet Mediouni,city,41,2.83,4.2,290.0,3,35.69617301751675,10.87111426386949
2026-04-19 02:34:00,Zone industrielle Ksibet,Ville de Moknine,city,30,3.87,4.2,290.0,3,35.641173161425705,10.951023959299956
2026-04-19 02:34:00,Zone industrielle Sahline,Ville de Teboulba,city,30,3.91,4.2,290.0,3,35.69617301751675,10.87111426386949
2026-04-19 02:34:00,Zone industrielle Monastir,Ville de Teboulba,city,21,4.69,4.2,290.0,3,35.7111729782344,10.911138934976059
2026-04-19 02:34:00,Zone industrielle Sahline,Ville de Ksibet Mediouni,city,41,2.83,4.2,290.0,3,35.69617301751675,10.87111426386949
2026-04-19 02:34:00,Zone industrielle Ksibet,Ville de Moknine,city,30,3.87,4.2,290.0,3,35.641173161425705,10.951023959299956
2026-04-19 02:34:00,Zone industrielle Sahline,Ville de Teboulba,city,30,3.91,4.2,290.0,3,35.69617301751675,10.87111426386949
2026-04-19 02:34:00,Zone industrielle Monastir,Ville de Teboulba,city,21,4.69,4.2,290.0,3,35.7111729782344,10.911138934976059
2026-04-19 02:34:01,Zone industrielle Sahline,Ville de Ksibet Mediouni,city,41,2.83,4.2,290.0,3,35.69617301751675,10.87111426386949
2026-04-19 02:34:01,Zone industrielle Ksibet,Ville de Moknine,city,30,3.87,4.2,290.0,3,35.641173161425705,10.951023959299956
2026-04-19 02:34:01,Zone industrielle Sahline,Ville de Teboulba,city,30,3.91,4.2,290.0,3,35.69617301751675,10.87111426386949
2026-04-19 02:34:01,Zone industrielle Monastir,Ville de Teboulba,city,21,4.69,4.2,290.0,3,35.7111729782344,10.911138934976059
2026-04-19 02:34:02,Zone industrielle Sahline,Ville de Ksibet Mediouni,city,41,2.83,4.2,290.0,3,35.69617301751675,10.87111426386949
2026-04-19 02:34:02,Zone industrielle Ksibet,Ville de Moknine,city,30,3.87,4.2,290.0,3,35.641173161425705,10.951023959299956
2026-04-19 02:34:02,Zone industrielle Sahline,Ville de Teboulba,city,30,3.91,4.2,290.0,3,35.69617301751675,10.87111426386949
2026-04-19 02:34:02,Zone industrielle Monastir,Ville de Teboulba,city,21,4.69,4.2,290.0,3,35.7111729782344,10.911138934976059
2026-04-19 02:34:02,Zone industrielle Sahline,Ville de Ksibet Mediouni,city,41,2.83,4.2,290.0,3,35.69617301751675,10.87111426386949
2026-04-19 02:34:02,Zone industrielle Ksibet,Ville de Moknine,city,30,3.87,4.2,290.0,3,35.641173161425705,10.951023959299956
2026-04-19 02:34:02,Zone industrielle Sahline,Ville de Teboulba,city,30,3.91,4.2,290.0,3,35.69617301751675,10.87111426386949
2026-04-19 02:34:02,Zone industrielle Monastir,Ville de Teboulba,city,21,4.69,4.2,290.0,3,35.7111729782344,10.911138934976059
2026-04-19 02:34:09,Zone industrielle Sahline,Ville de Ksibet Mediouni,city,41,2.83,4.2,290.0,3,35.69617301751675,10.87111426386949
2026-04-19 02:34:09,Zone industrielle Ksibet,Ville de Moknine,city,30,3.87,4.2,290.0,3,35.641173161425705,10.951023959299956
2026-04-19 02:34:09,Zone industrielle Sahline,Ville de Teboulba,city,30,3.91,4.2,290.0,3,35.69617301751675,10.87111426386949
2026-04-19 02:34:09,Zone industrielle Monastir,Ville de Teboulba,city,21,4.69,4.2,290.0,3,35.7111729782344,10.911138934976059
2026-04-19 02:34:11,Zone industrielle Sahline,Ville de Ksibet Mediouni,city,41,2.83,4.2,290.0,3,35.69617301751675,10.87111426386949
2026-04-19 02:34:11,Zone industrielle Ksibet,Ville de Moknine,city,30,3.87,4.2,290.0,3,35.641173161425705,10.951023959299956
2026-04-19 02:34:11,Zone industrielle Sahline,Ville de Teboulba,city,30,3.91,4.2,290.0,3,35.69617301751675,10.87111426386949
2026-04-19 02:34:11,Zone industrielle Monastir,Ville de Teboulba,city,21,4.69,4.2,290.0,3,35.7111729782344,10.911138934976059
2026-04-19 02:34:12,Zone industrielle Sahline,Ville de Ksibet Mediouni,city,41,2.83,4.2,290.0,3,35.69617301751675,10.87111426386949
2026-04-19 02:34:12,Zone industrielle Ksibet,Ville de Moknine,city,30,3.87,4.2,290.0,3,35.641173161425705,10.951023959299956
2026-04-19 02:34:12,Zone industrielle Sahline,Ville de Teboulba,city,30,3.91,4.2,290.0,3,35.69617301751675,10.87111426386949
2026-04-19 02:34:12,Zone industrielle Monastir,Ville de Teboulba,city,21,4.69,4.2,290.0,3,35.7111729782344,10.911138934976059
2026-04-19 02:34:13,Zone industrielle Sahline,Ville de Ksibet Mediouni,city,41,2.83,4.2,290.0,3,35.69617301751675,10.87111426386949
2026-04-19 02:34:13,Zone industrielle Ksibet,Ville de Moknine,city,30,3.87,4.2,290.0,3,35.641173161425705,10.951023959299956
2026-04-19 02:34:13,Zone industrielle Sahline,Ville de Teboulba,city,30,3.91,4.2,290.0,3,35.69617301751675,10.87111426386949
2026-04-19 02:34:13,Zone industrielle Monastir,Ville de Teboulba,city,21,4.69,4.2,290.0,3,35.7111729782344,10.911138934976059
2026-04-19 02:34:13,Zone industrielle Sahline,Ville de Ksibet Mediouni,city,41,2.83,4.2,290.0,3,35.69617301751675,10.87111426386949
2026-04-19 02:34:13,Zone industrielle Ksibet,Ville de Moknine,city,30,3.87,4.2,290.0,3,35.641173161425705,10.951023959299956
2026-04-19 02:34:13,Zone industrielle Sahline,Ville de Teboulba,city,30,3.91,4.2,290.0,3,35.69617301751675,10.87111426386949
2026-04-19 02:34:13,Zone industrielle Monastir,Ville de Teboulba,city,21,4.69,4.2,290.0,3,35.7111729782344,10.911138934976059
2026-04-19 02:34:14,Zone industrielle Sahline,Ville de Ksibet Mediouni,city,41,2.83,4.2,290.0,3,35.69617301751675,10.87111426386949
2026-04-19 02:34:14,Zone industrielle Ksibet,Ville de Moknine,city,30,3.87,4.2,290.0,3,35.641173161425705,10.951023959299956
2026-04-19 02:34:14,Zone industrielle Sahline,Ville de Teboulba,city,30,3.91,4.2,290.0,3,35.69617301751675,10.87111426386949
2026-04-19 02:34:14,Zone industrielle Monastir,Ville de Teboulba,city,21,4.69,4.2,290.0,3,35.7111729782344,10.911138934976059
2026-04-19 02:34:15,Zone industrielle Sahline,Ville de Ksibet Mediouni,city,41,2.83,4.2,290.0,3,35.69617301751675,10.87111426386949
2026-04-19 02:34:15,Zone industrielle Ksibet,Ville de Moknine,city,30,3.87,4.2,290.0,3,35.641173161425705,10.951023959299956
2026-04-19 02:34:15,Zone industrielle Sahline,Ville de Teboulba,city,30,3.91,4.2,290.0,3,35.69617301751675,10.87111426386949
2026-04-19 02:34:15,Zone industrielle Monastir,Ville de Teboulba,city,21,4.69,4.2,290.0,3,35.7111729782344,10.911138934976059
2026-04-19 02:34:16,Zone industrielle Sahline,Ville de Ksibet Mediouni,city,41,2.83,4.2,290.0,3,35.69617301751675,10.87111426386949
2026-04-19 02:34:16,Zone industrielle Ksibet,Ville de Moknine,city,30,3.87,4.2,290.0,3,35.641173161425705,10.951023959299956
2026-04-19 02:34:16,Zone industrielle Sahline,Ville de Teboulba,city,30,3.91,4.2,290.0,3,35.69617301751675,10.87111426386949
2026-04-19 02:34:16,Zone industrielle Monastir,Ville de Teboulba,city,21,4.69,4.2,290.0,3,35.7111729782344,10.911138934976059
2026-04-19 02:34:17,Zone industrielle Sahline,Ville de Ksibet Mediouni,city,41,2.83,4.2,290.0,3,35.69617301751675,10.87111426386949
2026-04-19 02:34:17,Zone industrielle Ksibet,Ville de Moknine,city,30,3.87,4.2,290.0,3,35.641173161425705,10.951023959299956
2026-04-19 02:34:17,Zone industrielle Sahline,Ville de Teboulba,city,30,3.91,4.2,290.0,3,35.69617301751675,10.87111426386949
2026-04-19 02:34:17,Zone industrielle Monastir,Ville de Teboulba,city,21,4.69,4.2,290.0,3,35.7111729782344,10.911138934976059
2026-04-19 02:34:19,Zone industrielle Sahline,Ville de Ksibet Mediouni,city,41,2.83,4.2,290.0,3,35.69617301751675,10.87111426386949
2026-04-19 02:34:19,Zone industrielle Ksibet,Ville de Moknine,city,30,3.87,4.2,290.0,3,35.641173161425705,10.951023959299956
2026-04-19 02:34:19,Zone industrielle Sahline,Ville de Teboulba,city,30,3.91,4.2,290.0,3,35.69617301751675,10.87111426386949
2026-04-19 02:34:19,Zone industrielle Monastir,Ville de Teboulba,city,21,4.69,4.2,290.0,3,35.7111729782344,10.911138934976059
2026-04-19 02:34:20,Zone industrielle Sahline,Ville de Ksibet Mediouni,city,41,2.83,4.2,290.0,3,35.69617301751675,10.87111426386949
2026-04-19 02:34:20,Zone industrielle Ksibet,Ville de Moknine,city,30,3.87,4.2,290.0,3,35.641173161425705,10.951023959299956
2026-04-19 02:34:20,Zone industrielle Sahline,Ville de Teboulba,city,30,3.91,4.2,290.0,3,35.69617301751675,10.87111426386949
2026-04-19 02:34:20,Zone industrielle Monastir,Ville de Teboulba,city,21,4.69,4.2,290.0,3,35.7111729782344,10.911138934976059
2026-04-19 02:34:21,Zone industrielle Sahline,Ville de Ksibet Mediouni,city,41,2.83,4.2,290.0,3,35.69617301751675,10.87111426386949
2026-04-19 02:34:21,Zone industrielle Ksibet,Ville de Moknine,city,30,3.87,4.2,290.0,3,35.641173161425705,10.951023959299956
2026-04-19 02:34:21,Zone industrielle Sahline,Ville de Teboulba,city,30,3.91,4.2,290.0,3,35.69617301751675,10.87111426386949
2026-04-19 02:34:21,Zone industrielle Monastir,Ville de Teboulba,city,21,4.69,4.2,290.0,3,35.7111729782344,10.911138934976059
2026-04-19 02:34:22,Zone industrielle Sahline,Ville de Ksibet Mediouni,city,41,2.83,4.2,290.0,3,35.69617301751675,10.87111426386949
2026-04-19 02:34:22,Zone industrielle Ksibet,Ville de Moknine,city,30,3.87,4.2,290.0,3,35.641173161425705,10.951023959299956
2026-04-19 02:34:22,Zone industrielle Sahline,Ville de Teboulba,city,30,3.91,4.2,290.0,3,35.69617301751675,10.87111426386949
2026-04-19 02:34:22,Zone industrielle Monastir,Ville de Teboulba,city,21,4.69,4.2,290.0,3,35.7111729782344,10.911138934976059
2026-04-19 02:34:23,Zone industrielle Sahline,Ville de Ksibet Mediouni,city,41,2.83,4.2,290.0,3,35.69617301751675,10.87111426386949
2026-04-19 02:34:23,Zone industrielle Ksibet,Ville de Moknine,city,30,3.87,4.2,290.0,3,35.641173161425705,10.951023959299956
2026-04-19 02:34:23,Zone industrielle Sahline,Ville de Teboulba,city,30,3.91,4.2,290.0,3,35.69617301751675,10.87111426386949
2026-04-19 02:34:23,Zone industrielle Monastir,Ville de Teboulba,city,21,4.69,4.2,290.0,3,35.7111729782344,10.911138934976059
2026-04-19 02:34:23,Zone industrielle Sahline,Ville de Ksibet Mediouni,city,41,2.83,4.2,290.0,3,35.69617301751675,10.87111426386949
2026-04-19 02:34:23,Zone industrielle Ksibet,Ville de Moknine,city,30,3.87,4.2,290.0,3,35.641173161425705,10.951023959299956
2026-04-19 02:34:23,Zone industrielle Sahline,Ville de Teboulba,city,30,3.91,4.2,290.0,3,35.69617301751675,10.87111426386949
2026-04-19 02:34:23,Zone industrielle Monastir,Ville de Teboulba,city,21,4.69,4.2,290.0,3,35.7111729782344,10.911138934976059
2026-04-19 02:34:25,Zone industrielle Sahline,Ville de Ksibet Mediouni,city,41,2.83,4.2,290.0,3,35.69617301751675,10.87111426386949
2026-04-19 02:34:25,Zone industrielle Ksibet,Ville de Moknine,city,30,3.87,4.2,290.0,3,35.641173161425705,10.951023959299956
2026-04-19 02:34:25,Zone industrielle Sahline,Ville de Teboulba,city,30,3.91,4.2,290.0,3,35.69617301751675,10.87111426386949
2026-04-19 02:34:25,Zone industrielle Monastir,Ville de Teboulba,city,21,4.69,4.2,290.0,3,35.7111729782344,10.911138934976059
2026-04-19 02:34:26,Zone industrielle Sahline,Ville de Ksibet Mediouni,city,41,2.83,4.2,290.0,3,35.69617301751675,10.87111426386949
2026-04-19 02:34:26,Zone industrielle Ksibet,Ville de Moknine,city,30,3.87,4.2,290.0,3,35.641173161425705,10.951023959299956
2026-04-19 02:34:26,Zone industrielle Sahline,Ville de Teboulba,city,30,3.91,4.2,290.0,3,35.69617301751675,10.87111426386949
2026-04-19 02:34:26,Zone industrielle Monastir,Ville de Teboulba,city,21,4.69,4.2,290.0,3,35.7111729782344,10.911138934976059
2026-04-19 02:34:26,Zone industrielle Sahline,Ville de Ksibet Mediouni,city,41,2.83,4.2,290.0,3,35.69617301751675,10.87111426386949
2026-04-19 02:34:26,Zone industrielle Ksibet,Ville de Moknine,city,30,3.87,4.2,290.0,3,35.641173161425705,10.951023959299956
2026-04-19 02:34:26,Zone industrielle Sahline,Ville de Teboulba,city,30,3.91,4.2,290.0,3,35.69617301751675,10.87111426386949
2026-04-19 02:34:26,Zone industrielle Monastir,Ville de Teboulba,city,21,4.69,4.2,290.0,3,35.7111729782344,10.911138934976059
2026-04-19 02:34:27,Zone industrielle Sahline,Ville de Ksibet Mediouni,city,41,2.83,4.2,290.0,3,35.69617301751675,10.87111426386949
2026-04-19 02:34:27,Zone industrielle Ksibet,Ville de Moknine,city,30,3.87,4.2,290.0,3,35.641173161425705,10.951023959299956
2026-04-19 02:34:27,Zone industrielle Sahline,Ville de Teboulba,city,30,3.91,4.2,290.0,3,35.69617301751675,10.87111426386949
2026-04-19 02:34:27,Zone industrielle Monastir,Ville de Teboulba,city,21,4.69,4.2,290.0,3,35.7111729782344,10.911138934976059
2026-04-19 02:34:28,Zone industrielle Sahline,Ville de Ksibet Mediouni,city,41,2.83,4.2,290.0,3,35.69617301751675,10.87111426386949
2026-04-19 02:34:28,Zone industrielle Ksibet,Ville de Moknine,city,30,3.87,4.2,290.0,3,35.641173161425705,10.951023959299956
2026-04-19 02:34:28,Zone industrielle Sahline,Ville de Teboulba,city,30,3.91,4.2,290.0,3,35.69617301751675,10.87111426386949
2026-04-19 02:34:28,Zone industrielle Monastir,Ville de Teboulba,city,21,4.69,4.2,290.0,3,35.7111729782344,10.911138934976059
2026-04-19 02:34:29,Zone industrielle Sahline,Ville de Ksibet Mediouni,city,41,2.83,4.2,290.0,3,35.69617301751675,10.87111426386949
2026-04-19 02:34:29,Zone industrielle Ksibet,Ville de Moknine,city,30,3.87,4.2,290.0,3,35.641173161425705,10.951023959299956
2026-04-19 02:34:29,Zone industrielle Sahline,Ville de Teboulba,city,30,3.91,4.2,290.0,3,35.69617301751675,10.87111426386949
2026-04-19 02:34:29,Zone industrielle Monastir,Ville de Teboulba,city,21,4.69,4.2,290.0,3,35.7111729782344,10.911138934976059
2026-04-19 02:34:36,Zone industrielle Sahline,Ville de Ksibet Mediouni,city,41,2.83,4.2,290.0,3,35.69617301751675,10.87111426386949
2026-04-19 02:34:36,Zone industrielle Ksibet,Ville de Moknine,city,30,3.87,4.2,290.0,3,35.641173161425705,10.951023959299956
2026-04-19 02:34:36,Zone industrielle Sahline,Ville de Teboulba,city,30,3.91,4.2,290.0,3,35.69617301751675,10.87111426386949
2026-04-19 02:34:36,Zone industrielle Monastir,Ville de Teboulba,city,21,4.69,4.2,290.0,3,35.7111729782344,10.911138934976059
2026-04-19 02:34:38,Zone industrielle Sahline,Ville de Ksibet Mediouni,city,41,2.83,4.2,290.0,3,35.69617301751675,10.87111426386949
2026-04-19 02:34:38,Zone industrielle Ksibet,Ville de Moknine,city,30,3.87,4.2,290.0,3,35.641173161425705,10.951023959299956
2026-04-19 02:34:38,Zone industrielle Sahline,Ville de Teboulba,city,30,3.91,4.2,290.0,3,35.69617301751675,10.87111426386949
2026-04-19 02:34:38,Zone industrielle Monastir,Ville de Teboulba,city,21,4.69,4.2,290.0,3,35.7111729782344,10.911138934976059
2026-04-19 02:34:39,Zone industrielle Sahline,Ville de Ksibet Mediouni,city,41,2.83,4.2,290.0,3,35.69617301751675,10.87111426386949
2026-04-19 02:34:39,Zone industrielle Ksibet,Ville de Moknine,city,30,3.87,4.2,290.0,3,35.641173161425705,10.951023959299956
2026-04-19 02:34:39,Zone industrielle Sahline,Ville de Teboulba,city,30,3.91,4.2,290.0,3,35.69617301751675,10.87111426386949
2026-04-19 02:34:39,Zone industrielle Monastir,Ville de Teboulba,city,21,4.69,4.2,290.0,3,35.7111729782344,10.911138934976059
2026-04-19 02:34:44,Zone industrielle Sahline,Ville de Ksibet Mediouni,city,41,2.83,4.2,290.0,3,35.69617301751675,10.87111426386949
2026-04-19 02:34:44,Zone industrielle Ksibet,Ville de Moknine,city,30,3.87,4.2,290.0,3,35.641173161425705,10.951023959299956
2026-04-19 02:34:44,Zone industrielle Sahline,Ville de Teboulba,city,30,3.91,4.2,290.0,3,35.69617301751675,10.87111426386949
2026-04-19 02:34:44,Zone industrielle Monastir,Ville de Teboulba,city,21,4.69,4.2,290.0,3,35.7111729782344,10.911138934976059
2026-04-19 02:34:45,Zone industrielle Sahline,Ville de Ksibet Mediouni,city,41,2.83,4.2,290.0,3,35.69617301751675,10.87111426386949
2026-04-19 02:34:45,Zone industrielle Ksibet,Ville de Moknine,city,30,3.87,4.2,290.0,3,35.641173161425705,10.951023959299956
2026-04-19 02:34:45,Zone industrielle Sahline,Ville de Teboulba,city,30,3.91,4.2,290.0,3,35.69617301751675,10.87111426386949
2026-04-19 02:34:45,Zone industrielle Monastir,Ville de Teboulba,city,21,4.69,4.2,290.0,3,35.7111729782344,10.911138934976059
2026-04-19 02:34:48,Zone industrielle Ksibet,Ville de Ksibet Mediouni,city,41,2.81,4.2,290.0,1,35.66707349168768,10.863688809663081
2026-04-19 02:34:48,Zone industrielle Monastir,Ville de Monastir,city,41,3.23,4.2,290.0,1,35.73707347131987,10.823727183950067
2026-04-19 02:34:48,Zone industrielle Mahdia,Ville de Mahdia,city,40,3.17,4.2,290.0,1,35.47707354679229,11.053585316915425
2026-04-19 02:34:48,Zone industrielle Ksibet,Ville de Teboulba,city,36,3.3,4.2,290.0,1,35.66707349168768,10.863688809663081
2026-04-19 02:34:48,Zone industrielle Moknine,Ville de Moknine,city,33,3.55,4.2,290.0,1,35.60507350969793,10.92365493158363
2026-04-19 02:34:48,Zone industrielle Teboulba,Ville de Moknine,city,28,4.01,4.2,290.0,1,35.65707349459445,10.943683338440303
2026-04-19 02:34:48,Zone industrielle Teboulba,Ville de Teboulba,city,26,4.2,4.2,290.0,1,35.65707349459445,10.943683338440303
2026-04-19 02:34:48,Zone industrielle Monastir,Zone cotiere Monastir,forest,24,4.81,4.2,290.0,1,35.73707347131987,10.823727183950067
2026-04-19 02:34:48,Zone industrielle Sahline,Ville de Monastir,city,22,5.31,4.2,290.0,1,35.7220734756874,10.7837189497202
2026-04-19 02:34:49,Zone industrielle Ksibet,Ville de Ksibet Mediouni,city,41,2.81,4.2,290.0,1,35.66707349168768,10.863688809663081
2026-04-19 02:34:49,Zone industrielle Monastir,Ville de Monastir,city,41,3.23,4.2,290.0,1,35.73707347131987,10.823727183950067
2026-04-19 02:34:49,Zone industrielle Mahdia,Ville de Mahdia,city,40,3.17,4.2,290.0,1,35.47707354679229,11.053585316915425
2026-04-19 02:34:49,Zone industrielle Ksibet,Ville de Teboulba,city,36,3.3,4.2,290.0,1,35.66707349168768,10.863688809663081
2026-04-19 02:34:49,Zone industrielle Moknine,Ville de Moknine,city,33,3.55,4.2,290.0,1,35.60507350969793,10.92365493158363
2026-04-19 02:34:49,Zone industrielle Teboulba,Ville de Moknine,city,28,4.01,4.2,290.0,1,35.65707349459445,10.943683338440303
2026-04-19 02:34:49,Zone industrielle Teboulba,Ville de Teboulba,city,26,4.2,4.2,290.0,1,35.65707349459445,10.943683338440303
2026-04-19 02:34:49,Zone industrielle Monastir,Zone cotiere Monastir,forest,24,4.81,4.2,290.0,1,35.73707347131987,10.823727183950067
2026-04-19 02:34:49,Zone industrielle Sahline,Ville de Monastir,city,22,5.31,4.2,290.0,1,35.7220734756874,10.7837189497202
2026-04-19 02:34:52,Zone industrielle Ksibet,Ville de Ksibet Mediouni,city,41,2.81,4.2,290.0,1,35.66707349168768,10.863688809663081
2026-04-19 02:34:52,Zone industrielle Monastir,Ville de Monastir,city,41,3.23,4.2,290.0,1,35.73707347131987,10.823727183950067
2026-04-19 02:34:52,Zone industrielle Mahdia,Ville de Mahdia,city,40,3.17,4.2,290.0,1,35.47707354679229,11.053585316915425
2026-04-19 02:34:52,Zone industrielle Ksibet,Ville de Teboulba,city,36,3.3,4.2,290.0,1,35.66707349168768,10.863688809663081
2026-04-19 02:34:52,Zone industrielle Moknine,Ville de Moknine,city,33,3.55,4.2,290.0,1,35.60507350969793,10.92365493158363
2026-04-19 02:34:52,Zone industrielle Teboulba,Ville de Moknine,city,28,4.01,4.2,290.0,1,35.65707349459445,10.943683338440303
2026-04-19 02:34:52,Zone industrielle Teboulba,Ville de Teboulba,city,26,4.2,4.2,290.0,1,35.65707349459445,10.943683338440303
2026-04-19 02:34:52,Zone industrielle Monastir,Zone cotiere Monastir,forest,24,4.81,4.2,290.0,1,35.73707347131987,10.823727183950067
2026-04-19 02:34:52,Zone industrielle Sahline,Ville de Monastir,city,22,5.31,4.2,290.0,1,35.7220734756874,10.7837189497202
2026-04-19 02:34:53,Zone industrielle Ksibet,Ville de Ksibet Mediouni,city,41,2.81,4.2,290.0,1,35.66707349168768,10.863688809663081
2026-04-19 02:34:53,Zone industrielle Monastir,Ville de Monastir,city,41,3.23,4.2,290.0,1,35.73707347131987,10.823727183950067
2026-04-19 02:34:53,Zone industrielle Mahdia,Ville de Mahdia,city,40,3.17,4.2,290.0,1,35.47707354679229,11.053585316915425
2026-04-19 02:34:53,Zone industrielle Ksibet,Ville de Teboulba,city,36,3.3,4.2,290.0,1,35.66707349168768,10.863688809663081
2026-04-19 02:34:53,Zone industrielle Moknine,Ville de Moknine,city,33,3.55,4.2,290.0,1,35.60507350969793,10.92365493158363
2026-04-19 02:34:53,Zone industrielle Teboulba,Ville de Moknine,city,28,4.01,4.2,290.0,1,35.65707349459445,10.943683338440303
2026-04-19 02:34:53,Zone industrielle Teboulba,Ville de Teboulba,city,26,4.2,4.2,290.0,1,35.65707349459445,10.943683338440303
2026-04-19 02:34:53,Zone industrielle Monastir,Zone cotiere Monastir,forest,24,4.81,4.2,290.0,1,35.73707347131987,10.823727183950067
2026-04-19 02:34:53,Zone industrielle Sahline,Ville de Monastir,city,22,5.31,4.2,290.0,1,35.7220734756874,10.7837189497202
2026-04-19 02:34:54,Zone industrielle Ksibet,Ville de Ksibet Mediouni,city,41,2.81,4.2,290.0,1,35.66707349168768,10.863688809663081
2026-04-19 02:34:54,Zone industrielle Monastir,Ville de Monastir,city,41,3.23,4.2,290.0,1,35.73707347131987,10.823727183950067
2026-04-19 02:34:54,Zone industrielle Mahdia,Ville de Mahdia,city,40,3.17,4.2,290.0,1,35.47707354679229,11.053585316915425
2026-04-19 02:34:54,Zone industrielle Ksibet,Ville de Teboulba,city,36,3.3,4.2,290.0,1,35.66707349168768,10.863688809663081
2026-04-19 02:34:54,Zone industrielle Moknine,Ville de Moknine,city,33,3.55,4.2,290.0,1,35.60507350969793,10.92365493158363
2026-04-19 02:34:54,Zone industrielle Teboulba,Ville de Moknine,city,28,4.01,4.2,290.0,1,35.65707349459445,10.943683338440303
2026-04-19 02:34:54,Zone industrielle Teboulba,Ville de Teboulba,city,26,4.2,4.2,290.0,1,35.65707349459445,10.943683338440303
2026-04-19 02:34:54,Zone industrielle Monastir,Zone cotiere Monastir,forest,24,4.81,4.2,290.0,1,35.73707347131987,10.823727183950067
2026-04-19 02:34:54,Zone industrielle Sahline,Ville de Monastir,city,22,5.31,4.2,290.0,1,35.7220734756874,10.7837189497202
2026-04-19 02:35:12,Zone industrielle Ksibet,Ville de Ksibet Mediouni,city,41,2.81,4.2,290.0,1,35.66707349168768,10.863688809663081
2026-04-19 02:35:12,Zone industrielle Monastir,Ville de Monastir,city,41,3.23,4.2,290.0,1,35.73707347131987,10.823727183950067
2026-04-19 02:35:12,Zone industrielle Mahdia,Ville de Mahdia,city,40,3.17,4.2,290.0,1,35.47707354679229,11.053585316915425
2026-04-19 02:35:12,Zone industrielle Ksibet,Ville de Teboulba,city,36,3.3,4.2,290.0,1,35.66707349168768,10.863688809663081
2026-04-19 02:35:12,Zone industrielle Moknine,Ville de Moknine,city,33,3.55,4.2,290.0,1,35.60507350969793,10.92365493158363
2026-04-19 02:35:12,Zone industrielle Teboulba,Ville de Moknine,city,28,4.01,4.2,290.0,1,35.65707349459445,10.943683338440303
2026-04-19 02:35:12,Zone industrielle Teboulba,Ville de Teboulba,city,26,4.2,4.2,290.0,1,35.65707349459445,10.943683338440303
2026-04-19 02:35:12,Zone industrielle Monastir,Zone cotiere Monastir,forest,24,4.81,4.2,290.0,1,35.73707347131987,10.823727183950067
2026-04-19 02:35:12,Zone industrielle Sahline,Ville de Monastir,city,22,5.31,4.2,290.0,1,35.7220734756874,10.7837189497202
2026-04-19 02:35:14,Zone industrielle Ksibet,Ville de Ksibet Mediouni,city,41,2.81,4.2,290.0,1,35.66707349168768,10.863688809663081
2026-04-19 02:35:14,Zone industrielle Monastir,Ville de Monastir,city,41,3.23,4.2,290.0,1,35.73707347131987,10.823727183950067
2026-04-19 02:35:14,Zone industrielle Mahdia,Ville de Mahdia,city,40,3.17,4.2,290.0,1,35.47707354679229,11.053585316915425
2026-04-19 02:35:14,Zone industrielle Ksibet,Ville de Teboulba,city,36,3.3,4.2,290.0,1,35.66707349168768,10.863688809663081
2026-04-19 02:35:14,Zone industrielle Moknine,Ville de Moknine,city,33,3.55,4.2,290.0,1,35.60507350969793,10.92365493158363
2026-04-19 02:35:14,Zone industrielle Teboulba,Ville de Moknine,city,28,4.01,4.2,290.0,1,35.65707349459445,10.943683338440303
2026-04-19 02:35:14,Zone industrielle Teboulba,Ville de Teboulba,city,26,4.2,4.2,290.0,1,35.65707349459445,10.943683338440303
2026-04-19 02:35:14,Zone industrielle Monastir,Zone cotiere Monastir,forest,24,4.81,4.2,290.0,1,35.73707347131987,10.823727183950067
2026-04-19 02:35:14,Zone industrielle Sahline,Ville de Monastir,city,22,5.31,4.2,290.0,1,35.7220734756874,10.7837189497202
2026-04-19 02:35:14,Zone industrielle Ksibet,Ville de Ksibet Mediouni,city,41,2.81,4.2,290.0,1,35.66707349168768,10.863688809663081
2026-04-19 02:35:14,Zone industrielle Monastir,Ville de Monastir,city,41,3.23,4.2,290.0,1,35.73707347131987,10.823727183950067
2026-04-19 02:35:14,Zone industrielle Mahdia,Ville de Mahdia,city,40,3.17,4.2,290.0,1,35.47707354679229,11.053585316915425
2026-04-19 02:35:14,Zone industrielle Ksibet,Ville de Teboulba,city,36,3.3,4.2,290.0,1,35.66707349168768,10.863688809663081
2026-04-19 02:35:14,Zone industrielle Moknine,Ville de Moknine,city,33,3.55,4.2,290.0,1,35.60507350969793,10.92365493158363
2026-04-19 02:35:14,Zone industrielle Teboulba,Ville de Moknine,city,28,4.01,4.2,290.0,1,35.65707349459445,10.943683338440303
2026-04-19 02:35:14,Zone industrielle Teboulba,Ville de Teboulba,city,26,4.2,4.2,290.0,1,35.65707349459445,10.943683338440303
2026-04-19 02:35:14,Zone industrielle Monastir,Zone cotiere Monastir,forest,24,4.81,4.2,290.0,1,35.73707347131987,10.823727183950067
2026-04-19 02:35:14,Zone industrielle Sahline,Ville de Monastir,city,22,5.31,4.2,290.0,1,35.7220734756874,10.7837189497202
2026-04-19 02:35:15,Zone industrielle Ksibet,Ville de Ksibet Mediouni,city,41,2.81,4.2,290.0,1,35.66707349168768,10.863688809663081
2026-04-19 02:35:15,Zone industrielle Monastir,Ville de Monastir,city,41,3.23,4.2,290.0,1,35.73707347131987,10.823727183950067
2026-04-19 02:35:15,Zone industrielle Mahdia,Ville de Mahdia,city,40,3.17,4.2,290.0,1,35.47707354679229,11.053585316915425
2026-04-19 02:35:15,Zone industrielle Ksibet,Ville de Teboulba,city,36,3.3,4.2,290.0,1,35.66707349168768,10.863688809663081
2026-04-19 02:35:15,Zone industrielle Moknine,Ville de Moknine,city,33,3.55,4.2,290.0,1,35.60507350969793,10.92365493158363
2026-04-19 02:35:15,Zone industrielle Teboulba,Ville de Moknine,city,28,4.01,4.2,290.0,1,35.65707349459445,10.943683338440303
2026-04-19 02:35:15,Zone industrielle Teboulba,Ville de Teboulba,city,26,4.2,4.2,290.0,1,35.65707349459445,10.943683338440303
2026-04-19 02:35:15,Zone industrielle Monastir,Zone cotiere Monastir,forest,24,4.81,4.2,290.0,1,35.73707347131987,10.823727183950067
2026-04-19 02:35:15,Zone industrielle Sahline,Ville de Monastir,city,22,5.31,4.2,290.0,1,35.7220734756874,10.7837189497202
2026-04-19 02:35:15,Zone industrielle Ksibet,Ville de Ksibet Mediouni,city,41,2.81,4.2,290.0,1,35.66707349168768,10.863688809663081
2026-04-19 02:35:15,Zone industrielle Monastir,Ville de Monastir,city,41,3.23,4.2,290.0,1,35.73707347131987,10.823727183950067
2026-04-19 02:35:15,Zone industrielle Mahdia,Ville de Mahdia,city,40,3.17,4.2,290.0,1,35.47707354679229,11.053585316915425
2026-04-19 02:35:15,Zone industrielle Ksibet,Ville de Teboulba,city,36,3.3,4.2,290.0,1,35.66707349168768,10.863688809663081
2026-04-19 02:35:15,Zone industrielle Moknine,Ville de Moknine,city,33,3.55,4.2,290.0,1,35.60507350969793,10.92365493158363
2026-04-19 02:35:15,Zone industrielle Teboulba,Ville de Moknine,city,28,4.01,4.2,290.0,1,35.65707349459445,10.943683338440303
2026-04-19 02:35:15,Zone industrielle Teboulba,Ville de Teboulba,city,26,4.2,4.2,290.0,1,35.65707349459445,10.943683338440303
2026-04-19 02:35:15,Zone industrielle Monastir,Zone cotiere Monastir,forest,24,4.81,4.2,290.0,1,35.73707347131987,10.823727183950067
2026-04-19 02:35:15,Zone industrielle Sahline,Ville de Monastir,city,22,5.31,4.2,290.0,1,35.7220734756874,10.7837189497202
2026-04-19 02:35:26,Zone industrielle Sahline,Ville de Teboulba,city,50,1.98,4.2,290.0,4,35.68319910898863,10.91479061643379
2026-04-19 02:35:27,Zone industrielle Sahline,Ville de Teboulba,city,50,1.98,4.2,290.0,4,35.68319910898863,10.91479061643379
2026-04-19 02:35:39,Zone industrielle Sahline,Ville de Ksibet Mediouni,city,41,2.83,4.2,290.0,3,35.69617301751675,10.87111426386949
2026-04-19 02:35:39,Zone industrielle Ksibet,Ville de Moknine,city,30,3.87,4.2,290.0,3,35.641173161425705,10.951023959299956
2026-04-19 02:35:39,Zone industrielle Sahline,Ville de Teboulba,city,30,3.91,4.2,290.0,3,35.69617301751675,10.87111426386949
2026-04-19 02:35:39,Zone industrielle Monastir,Ville de Teboulba,city,21,4.69,4.2,290.0,3,35.7111729782344,10.911138934976059
2026-04-19 02:35:40,Zone industrielle Sahline,Ville de Ksibet Mediouni,city,41,2.83,4.2,290.0,3,35.69617301751675,10.87111426386949
2026-04-19 02:35:40,Zone industrielle Ksibet,Ville de Moknine,city,30,3.87,4.2,290.0,3,35.641173161425705,10.951023959299956
2026-04-19 02:35:40,Zone industrielle Sahline,Ville de Teboulba,city,30,3.91,4.2,290.0,3,35.69617301751675,10.87111426386949
2026-04-19 02:35:40,Zone industrielle Monastir,Ville de Teboulba,city,21,4.69,4.2,290.0,3,35.7111729782344,10.911138934976059
2026-04-19 02:35:42,Zone industrielle Ksibet,Ville de Ksibet Mediouni,city,41,2.81,4.2,290.0,1,35.66707349168768,10.863688809663081
2026-04-19 02:35:42,Zone industrielle Monastir,Ville de Monastir,city,41,3.23,4.2,290.0,1,35.73707347131987,10.823727183950067
2026-04-19 02:35:42,Zone industrielle Mahdia,Ville de Mahdia,city,40,3.17,4.2,290.0,1,35.47707354679229,11.053585316915425
2026-04-19 02:35:42,Zone industrielle Ksibet,Ville de Teboulba,city,36,3.3,4.2,290.0,1,35.66707349168768,10.863688809663081
2026-04-19 02:35:42,Zone industrielle Moknine,Ville de Moknine,city,33,3.55,4.2,290.0,1,35.60507350969793,10.92365493158363
2026-04-19 02:35:42,Zone industrielle Teboulba,Ville de Moknine,city,28,4.01,4.2,290.0,1,35.65707349459445,10.943683338440303
2026-04-19 02:35:42,Zone industrielle Teboulba,Ville de Teboulba,city,26,4.2,4.2,290.0,1,35.65707349459445,10.943683338440303
2026-04-19 02:35:42,Zone industrielle Monastir,Zone cotiere Monastir,forest,24,4.81,4.2,290.0,1,35.73707347131987,10.823727183950067
2026-04-19 02:35:42,Zone industrielle Sahline,Ville de Monastir,city,22,5.31,4.2,290.0,1,35.7220734756874,10.7837189497202
2026-04-19 02:35:43,Zone industrielle Ksibet,Ville de Ksibet Mediouni,city,41,2.81,4.2,290.0,1,35.66707349168768,10.863688809663081
2026-04-19 02:35:43,Zone industrielle Monastir,Ville de Monastir,city,41,3.23,4.2,290.0,1,35.73707347131987,10.823727183950067
2026-04-19 02:35:43,Zone industrielle Mahdia,Ville de Mahdia,city,40,3.17,4.2,290.0,1,35.47707354679229,11.053585316915425
2026-04-19 02:35:43,Zone industrielle Ksibet,Ville de Teboulba,city,36,3.3,4.2,290.0,1,35.66707349168768,10.863688809663081
2026-04-19 02:35:43,Zone industrielle Moknine,Ville de Moknine,city,33,3.55,4.2,290.0,1,35.60507350969793,10.92365493158363
2026-04-19 02:35:43,Zone industrielle Teboulba,Ville de Moknine,city,28,4.01,4.2,290.0,1,35.65707349459445,10.943683338440303
2026-04-19 02:35:43,Zone industrielle Teboulba,Ville de Teboulba,city,26,4.2,4.2,290.0,1,35.65707349459445,10.943683338440303
2026-04-19 02:35:43,Zone industrielle Monastir,Zone cotiere Monastir,forest,24,4.81,4.2,290.0,1,35.73707347131987,10.823727183950067
2026-04-19 02:35:43,Zone industrielle Sahline,Ville de Monastir,city,22,5.31,4.2,290.0,1,35.7220734756874,10.7837189497202
2026-04-19 02:35:49,Zone industrielle Ksibet,Ville de Ksibet Mediouni,city,41,2.81,4.2,290.0,1,35.66707349168768,10.863688809663081
2026-04-19 02:35:49,Zone industrielle Monastir,Ville de Monastir,city,41,3.23,4.2,290.0,1,35.73707347131987,10.823727183950067
2026-04-19 02:35:49,Zone industrielle Mahdia,Ville de Mahdia,city,40,3.17,4.2,290.0,1,35.47707354679229,11.053585316915425
2026-04-19 02:35:49,Zone industrielle Ksibet,Ville de Teboulba,city,36,3.3,4.2,290.0,1,35.66707349168768,10.863688809663081
2026-04-19 02:35:49,Zone industrielle Moknine,Ville de Moknine,city,33,3.55,4.2,290.0,1,35.60507350969793,10.92365493158363
2026-04-19 02:35:49,Zone industrielle Teboulba,Ville de Moknine,city,28,4.01,4.2,290.0,1,35.65707349459445,10.943683338440303
2026-04-19 02:35:49,Zone industrielle Teboulba,Ville de Teboulba,city,26,4.2,4.2,290.0,1,35.65707349459445,10.943683338440303
2026-04-19 02:35:49,Zone industrielle Monastir,Zone cotiere Monastir,forest,24,4.81,4.2,290.0,1,35.73707347131987,10.823727183950067
2026-04-19 02:35:49,Zone industrielle Sahline,Ville de Monastir,city,22,5.31,4.2,290.0,1,35.7220734756874,10.7837189497202
2026-04-19 02:35:55,Zone industrielle Ksibet,Ville de Ksibet Mediouni,city,41,2.81,4.2,290.0,1,35.66707349168768,10.863688809663081
2026-04-19 02:35:55,Zone industrielle Monastir,Ville de Monastir,city,41,3.23,4.2,290.0,1,35.73707347131987,10.823727183950067
2026-04-19 02:35:55,Zone industrielle Mahdia,Ville de Mahdia,city,40,3.17,4.2,290.0,1,35.47707354679229,11.053585316915425
2026-04-19 02:35:55,Zone industrielle Ksibet,Ville de Teboulba,city,36,3.3,4.2,290.0,1,35.66707349168768,10.863688809663081
2026-04-19 02:35:55,Zone industrielle Moknine,Ville de Moknine,city,33,3.55,4.2,290.0,1,35.60507350969793,10.92365493158363
2026-04-19 02:35:55,Zone industrielle Teboulba,Ville de Moknine,city,28,4.01,4.2,290.0,1,35.65707349459445,10.943683338440303
2026-04-19 02:35:55,Zone industrielle Teboulba,Ville de Teboulba,city,26,4.2,4.2,290.0,1,35.65707349459445,10.943683338440303
2026-04-19 02:35:55,Zone industrielle Monastir,Zone cotiere Monastir,forest,24,4.81,4.2,290.0,1,35.73707347131987,10.823727183950067
2026-04-19 02:35:55,Zone industrielle Sahline,Ville de Monastir,city,22,5.31,4.2,290.0,1,35.7220734756874,10.7837189497202
2026-04-19 02:35:56,Zone industrielle Ksibet,Ville de Ksibet Mediouni,city,41,2.81,4.2,290.0,1,35.66707349168768,10.863688809663081
2026-04-19 02:35:56,Zone industrielle Monastir,Ville de Monastir,city,41,3.23,4.2,290.0,1,35.73707347131987,10.823727183950067
2026-04-19 02:35:56,Zone industrielle Mahdia,Ville de Mahdia,city,40,3.17,4.2,290.0,1,35.47707354679229,11.053585316915425
2026-04-19 02:35:56,Zone industrielle Ksibet,Ville de Teboulba,city,36,3.3,4.2,290.0,1,35.66707349168768,10.863688809663081
2026-04-19 02:35:56,Zone industrielle Moknine,Ville de Moknine,city,33,3.55,4.2,290.0,1,35.60507350969793,10.92365493158363
2026-04-19 02:35:56,Zone industrielle Teboulba,Ville de Moknine,city,28,4.01,4.2,290.0,1,35.65707349459445,10.943683338440303
2026-04-19 02:35:56,Zone industrielle Teboulba,Ville de Teboulba,city,26,4.2,4.2,290.0,1,35.65707349459445,10.943683338440303
2026-04-19 02:35:56,Zone industrielle Monastir,Zone cotiere Monastir,forest,24,4.81,4.2,290.0,1,35.73707347131987,10.823727183950067
2026-04-19 02:35:56,Zone industrielle Sahline,Ville de Monastir,city,22,5.31,4.2,290.0,1,35.7220734756874,10.7837189497202
2026-04-19 02:35:57,Zone industrielle Ksibet,Ville de Ksibet Mediouni,city,41,2.81,4.2,290.0,1,35.66707349168768,10.863688809663081
2026-04-19 02:35:57,Zone industrielle Monastir,Ville de Monastir,city,41,3.23,4.2,290.0,1,35.73707347131987,10.823727183950067
2026-04-19 02:35:57,Zone industrielle Mahdia,Ville de Mahdia,city,40,3.17,4.2,290.0,1,35.47707354679229,11.053585316915425
2026-04-19 02:35:57,Zone industrielle Ksibet,Ville de Teboulba,city,36,3.3,4.2,290.0,1,35.66707349168768,10.863688809663081
2026-04-19 02:35:57,Zone industrielle Moknine,Ville de Moknine,city,33,3.55,4.2,290.0,1,35.60507350969793,10.92365493158363
2026-04-19 02:35:57,Zone industrielle Teboulba,Ville de Moknine,city,28,4.01,4.2,290.0,1,35.65707349459445,10.943683338440303
2026-04-19 02:35:57,Zone industrielle Teboulba,Ville de Teboulba,city,26,4.2,4.2,290.0,1,35.65707349459445,10.943683338440303
2026-04-19 02:35:57,Zone industrielle Monastir,Zone cotiere Monastir,forest,24,4.81,4.2,290.0,1,35.73707347131987,10.823727183950067
2026-04-19 02:35:57,Zone industrielle Sahline,Ville de Monastir,city,22,5.31,4.2,290.0,1,35.7220734756874,10.7837189497202
2026-04-19 02:35:59,Zone industrielle Ksibet,Ville de Ksibet Mediouni,city,41,2.81,4.2,290.0,1,35.66707349168768,10.863688809663081
2026-04-19 02:35:59,Zone industrielle Monastir,Ville de Monastir,city,41,3.23,4.2,290.0,1,35.73707347131987,10.823727183950067
2026-04-19 02:35:59,Zone industrielle Mahdia,Ville de Mahdia,city,40,3.17,4.2,290.0,1,35.47707354679229,11.053585316915425
2026-04-19 02:35:59,Zone industrielle Ksibet,Ville de Teboulba,city,36,3.3,4.2,290.0,1,35.66707349168768,10.863688809663081
2026-04-19 02:35:59,Zone industrielle Moknine,Ville de Moknine,city,33,3.55,4.2,290.0,1,35.60507350969793,10.92365493158363
2026-04-19 02:35:59,Zone industrielle Teboulba,Ville de Moknine,city,28,4.01,4.2,290.0,1,35.65707349459445,10.943683338440303
2026-04-19 02:35:59,Zone industrielle Teboulba,Ville de Teboulba,city,26,4.2,4.2,290.0,1,35.65707349459445,10.943683338440303
2026-04-19 02:35:59,Zone industrielle Monastir,Zone cotiere Monastir,forest,24,4.81,4.2,290.0,1,35.73707347131987,10.823727183950067
2026-04-19 02:35:59,Zone industrielle Sahline,Ville de Monastir,city,22,5.31,4.2,290.0,1,35.7220734756874,10.7837189497202
2026-04-19 02:36:05,Zone industrielle Ksibet,Ville de Ksibet Mediouni,city,41,2.81,4.2,290.0,1,35.66707349168768,10.863688809663081
2026-04-19 02:36:05,Zone industrielle Monastir,Ville de Monastir,city,41,3.23,4.2,290.0,1,35.73707347131987,10.823727183950067
2026-04-19 02:36:05,Zone industrielle Mahdia,Ville de Mahdia,city,40,3.17,4.2,290.0,1,35.47707354679229,11.053585316915425
2026-04-19 02:36:05,Zone industrielle Ksibet,Ville de Teboulba,city,36,3.3,4.2,290.0,1,35.66707349168768,10.863688809663081
2026-04-19 02:36:05,Zone industrielle Moknine,Ville de Moknine,city,33,3.55,4.2,290.0,1,35.60507350969793,10.92365493158363
2026-04-19 02:36:05,Zone industrielle Teboulba,Ville de Moknine,city,28,4.01,4.2,290.0,1,35.65707349459445,10.943683338440303
2026-04-19 02:36:05,Zone industrielle Teboulba,Ville de Teboulba,city,26,4.2,4.2,290.0,1,35.65707349459445,10.943683338440303
2026-04-19 02:36:05,Zone industrielle Monastir,Zone cotiere Monastir,forest,24,4.81,4.2,290.0,1,35.73707347131987,10.823727183950067
2026-04-19 02:36:05,Zone industrielle Sahline,Ville de Monastir,city,22,5.31,4.2,290.0,1,35.7220734756874,10.7837189497202
2026-04-19 02:36:07,Zone industrielle Ksibet,Ville de Ksibet Mediouni,city,41,2.81,4.2,290.0,1,35.66707349168768,10.863688809663081
2026-04-19 02:36:07,Zone industrielle Monastir,Ville de Monastir,city,41,3.23,4.2,290.0,1,35.73707347131987,10.823727183950067
2026-04-19 02:36:07,Zone industrielle Mahdia,Ville de Mahdia,city,40,3.17,4.2,290.0,1,35.47707354679229,11.053585316915425
2026-04-19 02:36:07,Zone industrielle Ksibet,Ville de Teboulba,city,36,3.3,4.2,290.0,1,35.66707349168768,10.863688809663081
2026-04-19 02:36:07,Zone industrielle Moknine,Ville de Moknine,city,33,3.55,4.2,290.0,1,35.60507350969793,10.92365493158363
2026-04-19 02:36:07,Zone industrielle Teboulba,Ville de Moknine,city,28,4.01,4.2,290.0,1,35.65707349459445,10.943683338440303
2026-04-19 02:36:07,Zone industrielle Teboulba,Ville de Teboulba,city,26,4.2,4.2,290.0,1,35.65707349459445,10.943683338440303
2026-04-19 02:36:07,Zone industrielle Monastir,Zone cotiere Monastir,forest,24,4.81,4.2,290.0,1,35.73707347131987,10.823727183950067
2026-04-19 02:36:07,Zone industrielle Sahline,Ville de Monastir,city,22,5.31,4.2,290.0,1,35.7220734756874,10.7837189497202
2026-04-19 02:36:11,Zone industrielle Ksibet,Ville de Ksibet Mediouni,city,41,2.81,4.2,290.0,1,35.66707349168768,10.863688809663081
2026-04-19 02:36:11,Zone industrielle Monastir,Ville de Monastir,city,41,3.23,4.2,290.0,1,35.73707347131987,10.823727183950067
2026-04-19 02:36:11,Zone industrielle Mahdia,Ville de Mahdia,city,40,3.17,4.2,290.0,1,35.47707354679229,11.053585316915425
2026-04-19 02:36:11,Zone industrielle Ksibet,Ville de Teboulba,city,36,3.3,4.2,290.0,1,35.66707349168768,10.863688809663081
2026-04-19 02:36:11,Zone industrielle Moknine,Ville de Moknine,city,33,3.55,4.2,290.0,1,35.60507350969793,10.92365493158363
2026-04-19 02:36:11,Zone industrielle Teboulba,Ville de Moknine,city,28,4.01,4.2,290.0,1,35.65707349459445,10.943683338440303
2026-04-19 02:36:11,Zone industrielle Teboulba,Ville de Teboulba,city,26,4.2,4.2,290.0,1,35.65707349459445,10.943683338440303
2026-04-19 02:36:11,Zone industrielle Monastir,Zone cotiere Monastir,forest,24,4.81,4.2,290.0,1,35.73707347131987,10.823727183950067
2026-04-19 02:36:11,Zone industrielle Sahline,Ville de Monastir,city,22,5.31,4.2,290.0,1,35.7220734756874,10.7837189497202
2026-04-19 02:36:11,Zone industrielle Ksibet,Ville de Ksibet Mediouni,city,41,2.81,4.2,290.0,1,35.66707349168768,10.863688809663081
2026-04-19 02:36:11,Zone industrielle Monastir,Ville de Monastir,city,41,3.23,4.2,290.0,1,35.73707347131987,10.823727183950067
2026-04-19 02:36:11,Zone industrielle Mahdia,Ville de Mahdia,city,40,3.17,4.2,290.0,1,35.47707354679229,11.053585316915425
2026-04-19 02:36:11,Zone industrielle Ksibet,Ville de Teboulba,city,36,3.3,4.2,290.0,1,35.66707349168768,10.863688809663081
2026-04-19 02:36:11,Zone industrielle Moknine,Ville de Moknine,city,33,3.55,4.2,290.0,1,35.60507350969793,10.92365493158363
2026-04-19 02:36:11,Zone industrielle Teboulba,Ville de Moknine,city,28,4.01,4.2,290.0,1,35.65707349459445,10.943683338440303
2026-04-19 02:36:11,Zone industrielle Teboulba,Ville de Teboulba,city,26,4.2,4.2,290.0,1,35.65707349459445,10.943683338440303
2026-04-19 02:36:11,Zone industrielle Monastir,Zone cotiere Monastir,forest,24,4.81,4.2,290.0,1,35.73707347131987,10.823727183950067
2026-04-19 02:36:11,Zone industrielle Sahline,Ville de Monastir,city,22,5.31,4.2,290.0,1,35.7220734756874,10.7837189497202
2026-04-19 02:36:12,Zone industrielle Ksibet,Ville de Ksibet Mediouni,city,41,2.81,4.2,290.0,1,35.66707349168768,10.863688809663081
2026-04-19 02:36:12,Zone industrielle Monastir,Ville de Monastir,city,41,3.23,4.2,290.0,1,35.73707347131987,10.823727183950067
2026-04-19 02:36:12,Zone industrielle Mahdia,Ville de Mahdia,city,40,3.17,4.2,290.0,1,35.47707354679229,11.053585316915425
2026-04-19 02:36:12,Zone industrielle Ksibet,Ville de Teboulba,city,36,3.3,4.2,290.0,1,35.66707349168768,10.863688809663081
2026-04-19 02:36:12,Zone industrielle Moknine,Ville de Moknine,city,33,3.55,4.2,290.0,1,35.60507350969793,10.92365493158363
2026-04-19 02:36:12,Zone industrielle Teboulba,Ville de Moknine,city,28,4.01,4.2,290.0,1,35.65707349459445,10.943683338440303
2026-04-19 02:36:12,Zone industrielle Teboulba,Ville de Teboulba,city,26,4.2,4.2,290.0,1,35.65707349459445,10.943683338440303
2026-04-19 02:36:12,Zone industrielle Monastir,Zone cotiere Monastir,forest,24,4.81,4.2,290.0,1,35.73707347131987,10.823727183950067
2026-04-19 02:36:12,Zone industrielle Sahline,Ville de Monastir,city,22,5.31,4.2,290.0,1,35.7220734756874,10.7837189497202
2026-04-19 02:36:13,Zone industrielle Ksibet,Ville de Ksibet Mediouni,city,41,2.81,4.2,290.0,1,35.66707349168768,10.863688809663081
2026-04-19 02:36:13,Zone industrielle Monastir,Ville de Monastir,city,41,3.23,4.2,290.0,1,35.73707347131987,10.823727183950067
2026-04-19 02:36:13,Zone industrielle Mahdia,Ville de Mahdia,city,40,3.17,4.2,290.0,1,35.47707354679229,11.053585316915425
2026-04-19 02:36:13,Zone industrielle Ksibet,Ville de Teboulba,city,36,3.3,4.2,290.0,1,35.66707349168768,10.863688809663081
2026-04-19 02:36:13,Zone industrielle Moknine,Ville de Moknine,city,33,3.55,4.2,290.0,1,35.60507350969793,10.92365493158363
2026-04-19 02:36:13,Zone industrielle Teboulba,Ville de Moknine,city,28,4.01,4.2,290.0,1,35.65707349459445,10.943683338440303
2026-04-19 02:36:13,Zone industrielle Teboulba,Ville de Teboulba,city,26,4.2,4.2,290.0,1,35.65707349459445,10.943683338440303
2026-04-19 02:36:13,Zone industrielle Monastir,Zone cotiere Monastir,forest,24,4.81,4.2,290.0,1,35.73707347131987,10.823727183950067
2026-04-19 02:36:13,Zone industrielle Sahline,Ville de Monastir,city,22,5.31,4.2,290.0,1,35.7220734756874,10.7837189497202
2026-04-19 02:36:13,Zone industrielle Ksibet,Ville de Ksibet Mediouni,city,41,2.81,4.2,290.0,1,35.66707349168768,10.863688809663081
2026-04-19 02:36:13,Zone industrielle Monastir,Ville de Monastir,city,41,3.23,4.2,290.0,1,35.73707347131987,10.823727183950067
2026-04-19 02:36:13,Zone industrielle Mahdia,Ville de Mahdia,city,40,3.17,4.2,290.0,1,35.47707354679229,11.053585316915425
2026-04-19 02:36:13,Zone industrielle Ksibet,Ville de Teboulba,city,36,3.3,4.2,290.0,1,35.66707349168768,10.863688809663081
2026-04-19 02:36:13,Zone industrielle Moknine,Ville de Moknine,city,33,3.55,4.2,290.0,1,35.60507350969793,10.92365493158363
2026-04-19 02:36:13,Zone industrielle Teboulba,Ville de Moknine,city,28,4.01,4.2,290.0,1,35.65707349459445,10.943683338440303
2026-04-19 02:36:13,Zone industrielle Teboulba,Ville de Teboulba,city,26,4.2,4.2,290.0,1,35.65707349459445,10.943683338440303
2026-04-19 02:36:13,Zone industrielle Monastir,Zone cotiere Monastir,forest,24,4.81,4.2,290.0,1,35.73707347131987,10.823727183950067
2026-04-19 02:36:13,Zone industrielle Sahline,Ville de Monastir,city,22,5.31,4.2,290.0,1,35.7220734756874,10.7837189497202
2026-04-19 02:36:14,Zone industrielle Ksibet,Ville de Ksibet Mediouni,city,41,2.81,4.2,290.0,1,35.66707349168768,10.863688809663081
2026-04-19 02:36:14,Zone industrielle Monastir,Ville de Monastir,city,41,3.23,4.2,290.0,1,35.73707347131987,10.823727183950067
2026-04-19 02:36:14,Zone industrielle Mahdia,Ville de Mahdia,city,40,3.17,4.2,290.0,1,35.47707354679229,11.053585316915425
2026-04-19 02:36:14,Zone industrielle Ksibet,Ville de Teboulba,city,36,3.3,4.2,290.0,1,35.66707349168768,10.863688809663081
2026-04-19 02:36:14,Zone industrielle Moknine,Ville de Moknine,city,33,3.55,4.2,290.0,1,35.60507350969793,10.92365493158363
2026-04-19 02:36:14,Zone industrielle Teboulba,Ville de Moknine,city,28,4.01,4.2,290.0,1,35.65707349459445,10.943683338440303
2026-04-19 02:36:14,Zone industrielle Teboulba,Ville de Teboulba,city,26,4.2,4.2,290.0,1,35.65707349459445,10.943683338440303
2026-04-19 02:36:14,Zone industrielle Monastir,Zone cotiere Monastir,forest,24,4.81,4.2,290.0,1,35.73707347131987,10.823727183950067
2026-04-19 02:36:14,Zone industrielle Sahline,Ville de Monastir,city,22,5.31,4.2,290.0,1,35.7220734756874,10.7837189497202
2026-04-19 02:36:15,Zone industrielle Ksibet,Ville de Ksibet Mediouni,city,41,2.81,4.2,290.0,1,35.66707349168768,10.863688809663081
2026-04-19 02:36:15,Zone industrielle Monastir,Ville de Monastir,city,41,3.23,4.2,290.0,1,35.73707347131987,10.823727183950067
2026-04-19 02:36:15,Zone industrielle Mahdia,Ville de Mahdia,city,40,3.17,4.2,290.0,1,35.47707354679229,11.053585316915425
2026-04-19 02:36:15,Zone industrielle Ksibet,Ville de Teboulba,city,36,3.3,4.2,290.0,1,35.66707349168768,10.863688809663081
2026-04-19 02:36:15,Zone industrielle Moknine,Ville de Moknine,city,33,3.55,4.2,290.0,1,35.60507350969793,10.92365493158363
2026-04-19 02:36:15,Zone industrielle Teboulba,Ville de Moknine,city,28,4.01,4.2,290.0,1,35.65707349459445,10.943683338440303
2026-04-19 02:36:15,Zone industrielle Teboulba,Ville de Teboulba,city,26,4.2,4.2,290.0,1,35.65707349459445,10.943683338440303
2026-04-19 02:36:15,Zone industrielle Monastir,Zone cotiere Monastir,forest,24,4.81,4.2,290.0,1,35.73707347131987,10.823727183950067
2026-04-19 02:36:15,Zone industrielle Sahline,Ville de Monastir,city,22,5.31,4.2,290.0,1,35.7220734756874,10.7837189497202
2026-04-19 02:36:26,Zone industrielle Ksibet,Ville de Teboulba,city,51,1.89,4.2,290.0,2,35.654131207952304,10.907363464732711
2026-04-19 02:36:26,Zone industrielle Ksibet,Ville de Moknine,city,48,2.17,4.2,290.0,2,35.654131207952304,10.907363464732711
2026-04-19 02:36:26,Zone industrielle Sahline,Ville de Ksibet Mediouni,city,40,2.95,4.2,290.0,2,35.70913114397199,10.827423706328368
2026-04-19 02:36:28,Zone industrielle Ksibet,Ville de Teboulba,city,51,1.89,4.2,290.0,2,35.654131207952304,10.907363464732711
2026-04-19 02:36:28,Zone industrielle Ksibet,Ville de Moknine,city,48,2.17,4.2,290.0,2,35.654131207952304,10.907363464732711
2026-04-19 02:36:28,Zone industrielle Sahline,Ville de Ksibet Mediouni,city,40,2.95,4.2,290.0,2,35.70913114397199,10.827423706328368
2026-04-19 02:37:19,Zone industrielle Ksibet,Ville de Teboulba,city,51,1.89,4.2,290.0,2,35.654131207952304,10.907363464732711
2026-04-19 02:37:19,Zone industrielle Ksibet,Ville de Moknine,city,48,2.17,4.2,290.0,2,35.654131207952304,10.907363464732711
2026-04-19 02:37:19,Zone industrielle Sahline,Ville de Ksibet Mediouni,city,40,2.95,4.2,290.0,2,35.70913114397199,10.827423706328368
2026-04-19 02:37:22,Zone industrielle Ksibet,Ville de Teboulba,city,51,1.89,4.2,290.0,2,35.654131207952304,10.907363464732711
2026-04-19 02:37:22,Zone industrielle Ksibet,Ville de Moknine,city,48,2.17,4.2,290.0,2,35.654131207952304,10.907363464732711
2026-04-19 02:37:22,Zone industrielle Sahline,Ville de Ksibet Mediouni,city,40,2.95,4.2,290.0,2,35.70913114397199,10.827423706328368
2026-04-19 02:37:30,Zone industrielle Ksibet,Ville de Teboulba,city,51,1.89,4.2,290.0,2,35.654131207952304,10.907363464732711
2026-04-19 02:37:30,Zone industrielle Ksibet,Ville de Moknine,city,48,2.17,4.2,290.0,2,35.654131207952304,10.907363464732711
2026-04-19 02:37:30,Zone industrielle Sahline,Ville de Ksibet Mediouni,city,40,2.95,4.2,290.0,2,35.70913114397199,10.827423706328368
2026-04-19 03:09:51,Zone industrielle Sahline,Ville de Ksibet Mediouni,city,41,2.83,4.2,290.0,3,35.69617301751675,10.87111426386949
2026-04-19 03:09:51,Zone industrielle Ksibet,Ville de Moknine,city,30,3.87,4.2,290.0,3,35.641173161425705,10.951023959299956
2026-04-19 03:09:51,Zone industrielle Sahline,Ville de Teboulba,city,30,3.91,4.2,290.0,3,35.69617301751675,10.87111426386949
2026-04-19 03:09:51,Zone industrielle Monastir,Ville de Teboulba,city,21,4.69,4.2,290.0,3,35.7111729782344,10.911138934976059
2026-04-19 03:09:52,Zone industrielle Sahline,Ville de Ksibet Mediouni,city,41,2.83,4.2,290.0,3,35.69617301751675,10.87111426386949
2026-04-19 03:09:52,Zone industrielle Ksibet,Ville de Moknine,city,30,3.87,4.2,290.0,3,35.641173161425705,10.951023959299956
2026-04-19 03:09:52,Zone industrielle Sahline,Ville de Teboulba,city,30,3.91,4.2,290.0,3,35.69617301751675,10.87111426386949
2026-04-19 03:09:52,Zone industrielle Monastir,Ville de Teboulba,city,21,4.69,4.2,290.0,3,35.7111729782344,10.911138934976059
2026-04-19 03:09:54,Zone industrielle Sahline,Ville de Ksibet Mediouni,city,41,2.83,4.2,290.0,3,35.69617301751675,10.87111426386949
2026-04-19 03:09:54,Zone industrielle Ksibet,Ville de Moknine,city,30,3.87,4.2,290.0,3,35.641173161425705,10.951023959299956
2026-04-19 03:09:54,Zone industrielle Sahline,Ville de Teboulba,city,30,3.91,4.2,290.0,3,35.69617301751675,10.87111426386949
2026-04-19 03:09:54,Zone industrielle Monastir,Ville de Teboulba,city,21,4.69,4.2,290.0,3,35.7111729782344,10.911138934976059
2026-04-19 03:10:00,Zone industrielle Sahline,Ville de Ksibet Mediouni,city,41,2.83,4.2,290.0,3,35.69617301751675,10.87111426386949
2026-04-19 03:10:00,Zone industrielle Ksibet,Ville de Moknine,city,30,3.87,4.2,290.0,3,35.641173161425705,10.951023959299956
2026-04-19 03:10:00,Zone industrielle Sahline,Ville de Teboulba,city,30,3.91,4.2,290.0,3,35.69617301751675,10.87111426386949
2026-04-19 03:10:00,Zone industrielle Monastir,Ville de Teboulba,city,21,4.69,4.2,290.0,3,35.7111729782344,10.911138934976059
2026-04-19 03:10:04,Zone industrielle Sahline,Ville de Ksibet Mediouni,city,41,2.83,4.2,290.0,3,35.69617301751675,10.87111426386949
2026-04-19 03:10:04,Zone industrielle Ksibet,Ville de Moknine,city,30,3.87,4.2,290.0,3,35.641173161425705,10.951023959299956
2026-04-19 03:10:04,Zone industrielle Sahline,Ville de Teboulba,city,30,3.91,4.2,290.0,3,35.69617301751675,10.87111426386949
2026-04-19 03:10:04,Zone industrielle Monastir,Ville de Teboulba,city,21,4.69,4.2,290.0,3,35.7111729782344,10.911138934976059
2026-04-19 03:10:05,Zone industrielle Sahline,Ville de Ksibet Mediouni,city,41,2.83,4.2,290.0,3,35.69617301751675,10.87111426386949
2026-04-19 03:10:05,Zone industrielle Ksibet,Ville de Moknine,city,30,3.87,4.2,290.0,3,35.641173161425705,10.951023959299956
2026-04-19 03:10:05,Zone industrielle Sahline,Ville de Teboulba,city,30,3.91,4.2,290.0,3,35.69617301751675,10.87111426386949
2026-04-19 03:10:05,Zone industrielle Monastir,Ville de Teboulba,city,21,4.69,4.2,290.0,3,35.7111729782344,10.911138934976059
2026-04-19 03:10:18,Zone industrielle Sahline,Ville de Ksibet Mediouni,city,41,2.83,4.2,290.0,3,35.69617301751675,10.87111426386949
2026-04-19 03:10:18,Zone industrielle Ksibet,Ville de Moknine,city,30,3.87,4.2,290.0,3,35.641173161425705,10.951023959299956
2026-04-19 03:10:18,Zone industrielle Sahline,Ville de Teboulba,city,30,3.91,4.2,290.0,3,35.69617301751675,10.87111426386949
2026-04-19 03:10:18,Zone industrielle Monastir,Ville de Teboulba,city,21,4.69,4.2,290.0,3,35.7111729782344,10.911138934976059
2026-04-19 03:10:38,Zone industrielle Sahline,Ville de Ksibet Mediouni,city,41,2.83,4.2,290.0,3,35.69617301751675,10.87111426386949
2026-04-19 03:10:38,Zone industrielle Ksibet,Ville de Moknine,city,30,3.87,4.2,290.0,3,35.641173161425705,10.951023959299956
2026-04-19 03:10:38,Zone industrielle Sahline,Ville de Teboulba,city,30,3.91,4.2,290.0,3,35.69617301751675,10.87111426386949
2026-04-19 03:10:38,Zone industrielle Monastir,Ville de Teboulba,city,21,4.69,4.2,290.0,3,35.7111729782344,10.911138934976059
2026-04-19 03:10:39,Zone industrielle Sahline,Ville de Ksibet Mediouni,city,41,2.83,4.2,290.0,3,35.69617301751675,10.87111426386949
2026-04-19 03:10:39,Zone industrielle Ksibet,Ville de Moknine,city,30,3.87,4.2,290.0,3,35.641173161425705,10.951023959299956
2026-04-19 03:10:39,Zone industrielle Sahline,Ville de Teboulba,city,30,3.91,4.2,290.0,3,35.69617301751675,10.87111426386949
2026-04-19 03:10:39,Zone industrielle Monastir,Ville de Teboulba,city,21,4.69,4.2,290.0,3,35.7111729782344,10.911138934976059
2026-04-19 03:10:40,Zone industrielle Sahline,Ville de Ksibet Mediouni,city,41,2.83,4.2,290.0,3,35.69617301751675,10.87111426386949
2026-04-19 03:10:40,Zone industrielle Ksibet,Ville de Moknine,city,30,3.87,4.2,290.0,3,35.641173161425705,10.951023959299956
2026-04-19 03:10:40,Zone industrielle Sahline,Ville de Teboulba,city,30,3.91,4.2,290.0,3,35.69617301751675,10.87111426386949
2026-04-19 03:10:40,Zone industrielle Monastir,Ville de Teboulba,city,21,4.69,4.2,290.0,3,35.7111729782344,10.911138934976059
2026-04-19 03:10:41,Zone industrielle Sahline,Ville de Ksibet Mediouni,city,41,2.83,4.2,290.0,3,35.69617301751675,10.87111426386949
2026-04-19 03:10:41,Zone industrielle Ksibet,Ville de Moknine,city,30,3.87,4.2,290.0,3,35.641173161425705,10.951023959299956
2026-04-19 03:10:41,Zone industrielle Sahline,Ville de Teboulba,city,30,3.91,4.2,290.0,3,35.69617301751675,10.87111426386949
2026-04-19 03:10:41,Zone industrielle Monastir,Ville de Teboulba,city,21,4.69,4.2,290.0,3,35.7111729782344,10.911138934976059
2026-04-19 03:10:42,Zone industrielle Sahline,Ville de Ksibet Mediouni,city,41,2.83,4.2,290.0,3,35.69617301751675,10.87111426386949
2026-04-19 03:10:42,Zone industrielle Ksibet,Ville de Moknine,city,30,3.87,4.2,290.0,3,35.641173161425705,10.951023959299956
2026-04-19 03:10:42,Zone industrielle Sahline,Ville de Teboulba,city,30,3.91,4.2,290.0,3,35.69617301751675,10.87111426386949
2026-04-19 03:10:42,Zone industrielle Monastir,Ville de Teboulba,city,21,4.69,4.2,290.0,3,35.7111729782344,10.911138934976059
2026-04-19 03:10:43,Zone industrielle Sahline,Ville de Ksibet Mediouni,city,41,2.83,4.2,290.0,3,35.69617301751675,10.87111426386949
2026-04-19 03:10:43,Zone industrielle Ksibet,Ville de Moknine,city,30,3.87,4.2,290.0,3,35.641173161425705,10.951023959299956
2026-04-19 03:10:43,Zone industrielle Sahline,Ville de Teboulba,city,30,3.91,4.2,290.0,3,35.69617301751675,10.87111426386949
2026-04-19 03:10:43,Zone industrielle Monastir,Ville de Teboulba,city,21,4.69,4.2,290.0,3,35.7111729782344,10.911138934976059
2026-04-19 03:10:45,Zone industrielle Sahline,Ville de Ksibet Mediouni,city,41,2.83,4.2,290.0,3,35.69617301751675,10.87111426386949
2026-04-19 03:10:45,Zone industrielle Ksibet,Ville de Moknine,city,30,3.87,4.2,290.0,3,35.641173161425705,10.951023959299956
2026-04-19 03:10:45,Zone industrielle Sahline,Ville de Teboulba,city,30,3.91,4.2,290.0,3,35.69617301751675,10.87111426386949
2026-04-19 03:10:45,Zone industrielle Monastir,Ville de Teboulba,city,21,4.69,4.2,290.0,3,35.7111729782344,10.911138934976059
2026-04-19 03:10:46,Zone industrielle Sahline,Ville de Ksibet Mediouni,city,41,2.83,4.2,290.0,3,35.69617301751675,10.87111426386949
2026-04-19 03:10:46,Zone industrielle Ksibet,Ville de Moknine,city,30,3.87,4.2,290.0,3,35.641173161425705,10.951023959299956
2026-04-19 03:10:46,Zone industrielle Sahline,Ville de Teboulba,city,30,3.91,4.2,290.0,3,35.69617301751675,10.87111426386949
2026-04-19 03:10:46,Zone industrielle Monastir,Ville de Teboulba,city,21,4.69,4.2,290.0,3,35.7111729782344,10.911138934976059
2026-04-19 03:10:49,Zone industrielle Sahline,Ville de Ksibet Mediouni,city,41,2.83,4.2,290.0,3,35.69617301751675,10.87111426386949
2026-04-19 03:10:49,Zone industrielle Ksibet,Ville de Moknine,city,30,3.87,4.2,290.0,3,35.641173161425705,10.951023959299956
2026-04-19 03:10:49,Zone industrielle Sahline,Ville de Teboulba,city,30,3.91,4.2,290.0,3,35.69617301751675,10.87111426386949
2026-04-19 03:10:49,Zone industrielle Monastir,Ville de Teboulba,city,21,4.69,4.2,290.0,3,35.7111729782344,10.911138934976059
2026-04-19 03:10:50,Zone industrielle Sahline,Ville de Ksibet Mediouni,city,41,2.83,4.2,290.0,3,35.69617301751675,10.87111426386949
2026-04-19 03:10:50,Zone industrielle Ksibet,Ville de Moknine,city,30,3.87,4.2,290.0,3,35.641173161425705,10.951023959299956
2026-04-19 03:10:50,Zone industrielle Sahline,Ville de Teboulba,city,30,3.91,4.2,290.0,3,35.69617301751675,10.87111426386949
2026-04-19 03:10:50,Zone industrielle Monastir,Ville de Teboulba,city,21,4.69,4.2,290.0,3,35.7111729782344,10.911138934976059
2026-04-19 03:10:53,Zone industrielle Sahline,Ville de Ksibet Mediouni,city,41,2.83,4.2,290.0,3,35.69617301751675,10.87111426386949
2026-04-19 03:10:53,Zone industrielle Ksibet,Ville de Moknine,city,30,3.87,4.2,290.0,3,35.641173161425705,10.951023959299956
2026-04-19 03:10:53,Zone industrielle Sahline,Ville de Teboulba,city,30,3.91,4.2,290.0,3,35.69617301751675,10.87111426386949
2026-04-19 03:10:53,Zone industrielle Monastir,Ville de Teboulba,city,21,4.69,4.2,290.0,3,35.7111729782344,10.911138934976059
2026-04-19 03:10:54,Zone industrielle Sahline,Ville de Ksibet Mediouni,city,41,2.83,4.2,290.0,3,35.69617301751675,10.87111426386949
2026-04-19 03:10:54,Zone industrielle Ksibet,Ville de Moknine,city,30,3.87,4.2,290.0,3,35.641173161425705,10.951023959299956
2026-04-19 03:10:54,Zone industrielle Sahline,Ville de Teboulba,city,30,3.91,4.2,290.0,3,35.69617301751675,10.87111426386949
2026-04-19 03:10:54,Zone industrielle Monastir,Ville de Teboulba,city,21,4.69,4.2,290.0,3,35.7111729782344,10.911138934976059
2026-04-19 03:10:55,Zone industrielle Sahline,Ville de Ksibet Mediouni,city,41,2.83,4.2,290.0,3,35.69617301751675,10.87111426386949
2026-04-19 03:10:55,Zone industrielle Ksibet,Ville de Moknine,city,30,3.87,4.2,290.0,3,35.641173161425705,10.951023959299956
2026-04-19 03:10:55,Zone industrielle Sahline,Ville de Teboulba,city,30,3.91,4.2,290.0,3,35.69617301751675,10.87111426386949
2026-04-19 03:10:55,Zone industrielle Monastir,Ville de Teboulba,city,21,4.69,4.2,290.0,3,35.7111729782344,10.911138934976059
2026-04-19 03:10:56,Zone industrielle Sahline,Ville de Ksibet Mediouni,city,41,2.83,4.2,290.0,3,35.69617301751675,10.87111426386949
2026-04-19 03:10:56,Zone industrielle Ksibet,Ville de Moknine,city,30,3.87,4.2,290.0,3,35.641173161425705,10.951023959299956
2026-04-19 03:10:56,Zone industrielle Sahline,Ville de Teboulba,city,30,3.91,4.2,290.0,3,35.69617301751675,10.87111426386949
2026-04-19 03:10:56,Zone industrielle Monastir,Ville de Teboulba,city,21,4.69,4.2,290.0,3,35.7111729782344,10.911138934976059
2026-04-19 03:10:57,Zone industrielle Sahline,Ville de Ksibet Mediouni,city,41,2.83,4.2,290.0,3,35.69617301751675,10.87111426386949
2026-04-19 03:10:57,Zone industrielle Ksibet,Ville de Moknine,city,30,3.87,4.2,290.0,3,35.641173161425705,10.951023959299956
2026-04-19 03:10:57,Zone industrielle Sahline,Ville de Teboulba,city,30,3.91,4.2,290.0,3,35.69617301751675,10.87111426386949
2026-04-19 03:10:57,Zone industrielle Monastir,Ville de Teboulba,city,21,4.69,4.2,290.0,3,35.7111729782344,10.911138934976059
2026-04-19 03:10:59,Zone industrielle Sahline,Ville de Ksibet Mediouni,city,41,2.83,4.2,290.0,3,35.69617301751675,10.87111426386949
2026-04-19 03:10:59,Zone industrielle Ksibet,Ville de Moknine,city,30,3.87,4.2,290.0,3,35.641173161425705,10.951023959299956
2026-04-19 03:10:59,Zone industrielle Sahline,Ville de Teboulba,city,30,3.91,4.2,290.0,3,35.69617301751675,10.87111426386949
2026-04-19 03:10:59,Zone industrielle Monastir,Ville de Teboulba,city,21,4.69,4.2,290.0,3,35.7111729782344,10.911138934976059
2026-04-19 03:11:01,Zone industrielle Sahline,Ville de Ksibet Mediouni,city,41,2.83,4.2,290.0,3,35.69617301751675,10.87111426386949
2026-04-19 03:11:01,Zone industrielle Ksibet,Ville de Moknine,city,30,3.87,4.2,290.0,3,35.641173161425705,10.951023959299956
2026-04-19 03:11:01,Zone industrielle Sahline,Ville de Teboulba,city,30,3.91,4.2,290.0,3,35.69617301751675,10.87111426386949
2026-04-19 03:11:01,Zone industrielle Monastir,Ville de Teboulba,city,21,4.69,4.2,290.0,3,35.7111729782344,10.911138934976059
2026-04-19 03:11:02,Zone industrielle Sahline,Ville de Ksibet Mediouni,city,41,2.83,4.2,290.0,3,35.69617301751675,10.87111426386949
2026-04-19 03:11:02,Zone industrielle Ksibet,Ville de Moknine,city,30,3.87,4.2,290.0,3,35.641173161425705,10.951023959299956
2026-04-19 03:11:02,Zone industrielle Sahline,Ville de Teboulba,city,30,3.91,4.2,290.0,3,35.69617301751675,10.87111426386949
2026-04-19 03:11:02,Zone industrielle Monastir,Ville de Teboulba,city,21,4.69,4.2,290.0,3,35.7111729782344,10.911138934976059
2026-04-19 03:11:03,Zone industrielle Sahline,Ville de Ksibet Mediouni,city,41,2.83,4.2,290.0,3,35.69617301751675,10.87111426386949
2026-04-19 03:11:03,Zone industrielle Ksibet,Ville de Moknine,city,30,3.87,4.2,290.0,3,35.641173161425705,10.951023959299956
2026-04-19 03:11:03,Zone industrielle Sahline,Ville de Teboulba,city,30,3.91,4.2,290.0,3,35.69617301751675,10.87111426386949
2026-04-19 03:11:03,Zone industrielle Monastir,Ville de Teboulba,city,21,4.69,4.2,290.0,3,35.7111729782344,10.911138934976059
2026-04-19 03:11:05,Zone industrielle Sahline,Ville de Ksibet Mediouni,city,41,2.83,4.2,290.0,3,35.69617301751675,10.87111426386949
2026-04-19 03:11:05,Zone industrielle Ksibet,Ville de Moknine,city,30,3.87,4.2,290.0,3,35.641173161425705,10.951023959299956
2026-04-19 03:11:05,Zone industrielle Sahline,Ville de Teboulba,city,30,3.91,4.2,290.0,3,35.69617301751675,10.87111426386949
2026-04-19 03:11:05,Zone industrielle Monastir,Ville de Teboulba,city,21,4.69,4.2,290.0,3,35.7111729782344,10.911138934976059
2026-04-19 03:11:06,Zone industrielle Sahline,Ville de Ksibet Mediouni,city,41,2.83,4.2,290.0,3,35.69617301751675,10.87111426386949
2026-04-19 03:11:06,Zone industrielle Ksibet,Ville de Moknine,city,30,3.87,4.2,290.0,3,35.641173161425705,10.951023959299956
2026-04-19 03:11:06,Zone industrielle Sahline,Ville de Teboulba,city,30,3.91,4.2,290.0,3,35.69617301751675,10.87111426386949
2026-04-19 03:11:06,Zone industrielle Monastir,Ville de Teboulba,city,21,4.69,4.2,290.0,3,35.7111729782344,10.911138934976059
2026-04-19 03:11:07,Zone industrielle Sahline,Ville de Ksibet Mediouni,city,41,2.83,4.2,290.0,3,35.69617301751675,10.87111426386949
2026-04-19 03:11:07,Zone industrielle Ksibet,Ville de Moknine,city,30,3.87,4.2,290.0,3,35.641173161425705,10.951023959299956
2026-04-19 03:11:07,Zone industrielle Sahline,Ville de Teboulba,city,30,3.91,4.2,290.0,3,35.69617301751675,10.87111426386949
2026-04-19 03:11:07,Zone industrielle Monastir,Ville de Teboulba,city,21,4.69,4.2,290.0,3,35.7111729782344,10.911138934976059
2026-04-19 03:11:08,Zone industrielle Sahline,Ville de Ksibet Mediouni,city,41,2.83,4.2,290.0,3,35.69617301751675,10.87111426386949
2026-04-19 03:11:08,Zone industrielle Ksibet,Ville de Moknine,city,30,3.87,4.2,290.0,3,35.641173161425705,10.951023959299956
2026-04-19 03:11:08,Zone industrielle Sahline,Ville de Teboulba,city,30,3.91,4.2,290.0,3,35.69617301751675,10.87111426386949
2026-04-19 03:11:08,Zone industrielle Monastir,Ville de Teboulba,city,21,4.69,4.2,290.0,3,35.7111729782344,10.911138934976059
2026-04-19 03:11:08,Zone industrielle Sahline,Ville de Ksibet Mediouni,city,41,2.83,4.2,290.0,3,35.69617301751675,10.87111426386949
2026-04-19 03:11:08,Zone industrielle Ksibet,Ville de Moknine,city,30,3.87,4.2,290.0,3,35.641173161425705,10.951023959299956
2026-04-19 03:11:08,Zone industrielle Sahline,Ville de Teboulba,city,30,3.91,4.2,290.0,3,35.69617301751675,10.87111426386949
2026-04-19 03:11:08,Zone industrielle Monastir,Ville de Teboulba,city,21,4.69,4.2,290.0,3,35.7111729782344,10.911138934976059
2026-04-19 03:11:09,Zone industrielle Sahline,Ville de Ksibet Mediouni,city,41,2.83,4.2,290.0,3,35.69617301751675,10.87111426386949
2026-04-19 03:11:09,Zone industrielle Ksibet,Ville de Moknine,city,30,3.87,4.2,290.0,3,35.641173161425705,10.951023959299956
2026-04-19 03:11:09,Zone industrielle Sahline,Ville de Teboulba,city,30,3.91,4.2,290.0,3,35.69617301751675,10.87111426386949
2026-04-19 03:11:09,Zone industrielle Monastir,Ville de Teboulba,city,21,4.69,4.2,290.0,3,35.7111729782344,10.911138934976059
2026-04-19 03:11:10,Zone industrielle Sahline,Ville de Ksibet Mediouni,city,41,2.83,4.2,290.0,3,35.69617301751675,10.87111426386949
2026-04-19 03:11:10,Zone industrielle Ksibet,Ville de Moknine,city,30,3.87,4.2,290.0,3,35.641173161425705,10.951023959299956
2026-04-19 03:11:10,Zone industrielle Sahline,Ville de Teboulba,city,30,3.91,4.2,290.0,3,35.69617301751675,10.87111426386949
2026-04-19 03:11:10,Zone industrielle Monastir,Ville de Teboulba,city,21,4.69,4.2,290.0,3,35.7111729782344,10.911138934976059
2026-04-19 03:11:11,Zone industrielle Sahline,Ville de Ksibet Mediouni,city,41,2.83,4.2,290.0,3,35.69617301751675,10.87111426386949
2026-04-19 03:11:11,Zone industrielle Ksibet,Ville de Moknine,city,30,3.87,4.2,290.0,3,35.641173161425705,10.951023959299956
2026-04-19 03:11:11,Zone industrielle Sahline,Ville de Teboulba,city,30,3.91,4.2,290.0,3,35.69617301751675,10.87111426386949
2026-04-19 03:11:11,Zone industrielle Monastir,Ville de Teboulba,city,21,4.69,4.2,290.0,3,35.7111729782344,10.911138934976059
2026-04-19 03:11:13,Zone industrielle Sahline,Ville de Ksibet Mediouni,city,41,2.83,4.2,290.0,3,35.69617301751675,10.87111426386949
2026-04-19 03:11:13,Zone industrielle Ksibet,Ville de Moknine,city,30,3.87,4.2,290.0,3,35.641173161425705,10.951023959299956
2026-04-19 03:11:13,Zone industrielle Sahline,Ville de Teboulba,city,30,3.91,4.2,290.0,3,35.69617301751675,10.87111426386949
2026-04-19 03:11:13,Zone industrielle Monastir,Ville de Teboulba,city,21,4.69,4.2,290.0,3,35.7111729782344,10.911138934976059
2026-04-19 03:11:13,Zone industrielle Sahline,Ville de Ksibet Mediouni,city,41,2.83,4.2,290.0,3,35.69617301751675,10.87111426386949
2026-04-19 03:11:13,Zone industrielle Ksibet,Ville de Moknine,city,30,3.87,4.2,290.0,3,35.641173161425705,10.951023959299956
2026-04-19 03:11:13,Zone industrielle Sahline,Ville de Teboulba,city,30,3.91,4.2,290.0,3,35.69617301751675,10.87111426386949
2026-04-19 03:11:13,Zone industrielle Monastir,Ville de Teboulba,city,21,4.69,4.2,290.0,3,35.7111729782344,10.911138934976059
2026-04-19 03:11:14,Zone industrielle Sahline,Ville de Ksibet Mediouni,city,41,2.83,4.2,290.0,3,35.69617301751675,10.87111426386949
2026-04-19 03:11:14,Zone industrielle Ksibet,Ville de Moknine,city,30,3.87,4.2,290.0,3,35.641173161425705,10.951023959299956
2026-04-19 03:11:14,Zone industrielle Sahline,Ville de Teboulba,city,30,3.91,4.2,290.0,3,35.69617301751675,10.87111426386949
2026-04-19 03:11:14,Zone industrielle Monastir,Ville de Teboulba,city,21,4.69,4.2,290.0,3,35.7111729782344,10.911138934976059
2026-04-19 03:11:15,Zone industrielle Sahline,Ville de Ksibet Mediouni,city,41,2.83,4.2,290.0,3,35.69617301751675,10.87111426386949
2026-04-19 03:11:15,Zone industrielle Ksibet,Ville de Moknine,city,30,3.87,4.2,290.0,3,35.641173161425705,10.951023959299956
2026-04-19 03:11:15,Zone industrielle Sahline,Ville de Teboulba,city,30,3.91,4.2,290.0,3,35.69617301751675,10.87111426386949
2026-04-19 03:11:15,Zone industrielle Monastir,Ville de Teboulba,city,21,4.69,4.2,290.0,3,35.7111729782344,10.911138934976059
2026-04-19 03:11:17,Zone industrielle Sahline,Ville de Ksibet Mediouni,city,41,2.83,4.2,290.0,3,35.69617301751675,10.87111426386949
2026-04-19 03:11:17,Zone industrielle Ksibet,Ville de Moknine,city,30,3.87,4.2,290.0,3,35.641173161425705,10.951023959299956
2026-04-19 03:11:17,Zone industrielle Sahline,Ville de Teboulba,city,30,3.91,4.2,290.0,3,35.69617301751675,10.87111426386949
2026-04-19 03:11:17,Zone industrielle Monastir,Ville de Teboulba,city,21,4.69,4.2,290.0,3,35.7111729782344,10.911138934976059
2026-04-19 03:11:18,Zone industrielle Sahline,Ville de Ksibet Mediouni,city,41,2.83,4.2,290.0,3,35.69617301751675,10.87111426386949
2026-04-19 03:11:18,Zone industrielle Ksibet,Ville de Moknine,city,30,3.87,4.2,290.0,3,35.641173161425705,10.951023959299956
2026-04-19 03:11:18,Zone industrielle Sahline,Ville de Teboulba,city,30,3.91,4.2,290.0,3,35.69617301751675,10.87111426386949
2026-04-19 03:11:18,Zone industrielle Monastir,Ville de Teboulba,city,21,4.69,4.2,290.0,3,35.7111729782344,10.911138934976059
2026-04-19 03:11:20,Zone industrielle Sahline,Ville de Ksibet Mediouni,city,41,2.83,4.2,290.0,3,35.69617301751675,10.87111426386949
2026-04-19 03:11:20,Zone industrielle Ksibet,Ville de Moknine,city,30,3.87,4.2,290.0,3,35.641173161425705,10.951023959299956
2026-04-19 03:11:20,Zone industrielle Sahline,Ville de Teboulba,city,30,3.91,4.2,290.0,3,35.69617301751675,10.87111426386949
2026-04-19 03:11:20,Zone industrielle Monastir,Ville de Teboulba,city,21,4.69,4.2,290.0,3,35.7111729782344,10.911138934976059
2026-04-19 03:11:21,Zone industrielle Sahline,Ville de Ksibet Mediouni,city,41,2.83,4.2,290.0,3,35.69617301751675,10.87111426386949
2026-04-19 03:11:21,Zone industrielle Ksibet,Ville de Moknine,city,30,3.87,4.2,290.0,3,35.641173161425705,10.951023959299956
2026-04-19 03:11:21,Zone industrielle Sahline,Ville de Teboulba,city,30,3.91,4.2,290.0,3,35.69617301751675,10.87111426386949
2026-04-19 03:11:21,Zone industrielle Monastir,Ville de Teboulba,city,21,4.69,4.2,290.0,3,35.7111729782344,10.911138934976059
2026-04-19 03:11:22,Zone industrielle Sahline,Ville de Ksibet Mediouni,city,41,2.83,4.2,290.0,3,35.69617301751675,10.87111426386949
2026-04-19 03:11:22,Zone industrielle Ksibet,Ville de Moknine,city,30,3.87,4.2,290.0,3,35.641173161425705,10.951023959299956
2026-04-19 03:11:22,Zone industrielle Sahline,Ville de Teboulba,city,30,3.91,4.2,290.0,3,35.69617301751675,10.87111426386949
2026-04-19 03:11:22,Zone industrielle Monastir,Ville de Teboulba,city,21,4.69,4.2,290.0,3,35.7111729782344,10.911138934976059
2026-04-19 03:11:24,Zone industrielle Sahline,Ville de Ksibet Mediouni,city,41,2.83,4.2,290.0,3,35.69617301751675,10.87111426386949
2026-04-19 03:11:24,Zone industrielle Ksibet,Ville de Moknine,city,30,3.87,4.2,290.0,3,35.641173161425705,10.951023959299956
2026-04-19 03:11:24,Zone industrielle Sahline,Ville de Teboulba,city,30,3.91,4.2,290.0,3,35.69617301751675,10.87111426386949
2026-04-19 03:11:24,Zone industrielle Monastir,Ville de Teboulba,city,21,4.69,4.2,290.0,3,35.7111729782344,10.911138934976059
2026-04-19 03:11:31,Zone industrielle Sahline,Ville de Ksibet Mediouni,city,41,2.83,4.2,290.0,3,35.69617301751675,10.87111426386949
2026-04-19 03:11:31,Zone industrielle Ksibet,Ville de Moknine,city,30,3.87,4.2,290.0,3,35.641173161425705,10.951023959299956
2026-04-19 03:11:31,Zone industrielle Sahline,Ville de Teboulba,city,30,3.91,4.2,290.0,3,35.69617301751675,10.87111426386949
2026-04-19 03:11:31,Zone industrielle Monastir,Ville de Teboulba,city,21,4.69,4.2,290.0,3,35.7111729782344,10.911138934976059
2026-04-19 03:11:39,Zone industrielle Ksibet,Ville de Ksibet Mediouni,city,41,2.81,4.2,290.0,1,35.66707349168768,10.863688809663081
2026-04-19 03:11:39,Zone industrielle Monastir,Ville de Monastir,city,41,3.23,4.2,290.0,1,35.73707347131987,10.823727183950067
2026-04-19 03:11:39,Zone industrielle Mahdia,Ville de Mahdia,city,40,3.17,4.2,290.0,1,35.47707354679229,11.053585316915425
2026-04-19 03:11:39,Zone industrielle Ksibet,Ville de Teboulba,city,36,3.3,4.2,290.0,1,35.66707349168768,10.863688809663081
2026-04-19 03:11:39,Zone industrielle Moknine,Ville de Moknine,city,33,3.55,4.2,290.0,1,35.60507350969793,10.92365493158363
2026-04-19 03:11:39,Zone industrielle Teboulba,Ville de Moknine,city,28,4.01,4.2,290.0,1,35.65707349459445,10.943683338440303
2026-04-19 03:11:39,Zone industrielle Teboulba,Ville de Teboulba,city,26,4.2,4.2,290.0,1,35.65707349459445,10.943683338440303
2026-04-19 03:11:39,Zone industrielle Monastir,Zone cotiere Monastir,forest,24,4.81,4.2,290.0,1,35.73707347131987,10.823727183950067
2026-04-19 03:11:39,Zone industrielle Sahline,Ville de Monastir,city,22,5.31,4.2,290.0,1,35.7220734756874,10.7837189497202
2026-04-19 03:11:40,Zone industrielle Ksibet,Ville de Ksibet Mediouni,city,41,2.81,4.2,290.0,1,35.66707349168768,10.863688809663081
2026-04-19 03:11:40,Zone industrielle Monastir,Ville de Monastir,city,41,3.23,4.2,290.0,1,35.73707347131987,10.823727183950067
2026-04-19 03:11:40,Zone industrielle Mahdia,Ville de Mahdia,city,40,3.17,4.2,290.0,1,35.47707354679229,11.053585316915425
2026-04-19 03:11:40,Zone industrielle Ksibet,Ville de Teboulba,city,36,3.3,4.2,290.0,1,35.66707349168768,10.863688809663081
2026-04-19 03:11:40,Zone industrielle Moknine,Ville de Moknine,city,33,3.55,4.2,290.0,1,35.60507350969793,10.92365493158363
2026-04-19 03:11:40,Zone industrielle Teboulba,Ville de Moknine,city,28,4.01,4.2,290.0,1,35.65707349459445,10.943683338440303
2026-04-19 03:11:40,Zone industrielle Teboulba,Ville de Teboulba,city,26,4.2,4.2,290.0,1,35.65707349459445,10.943683338440303
2026-04-19 03:11:40,Zone industrielle Monastir,Zone cotiere Monastir,forest,24,4.81,4.2,290.0,1,35.73707347131987,10.823727183950067
2026-04-19 03:11:40,Zone industrielle Sahline,Ville de Monastir,city,22,5.31,4.2,290.0,1,35.7220734756874,10.7837189497202
2026-04-19 03:11:54,Zone industrielle Ksibet,Ville de Ksibet Mediouni,city,41,2.81,4.2,290.0,1,35.66707349168768,10.863688809663081
2026-04-19 03:11:54,Zone industrielle Monastir,Ville de Monastir,city,41,3.23,4.2,290.0,1,35.73707347131987,10.823727183950067
2026-04-19 03:11:54,Zone industrielle Mahdia,Ville de Mahdia,city,40,3.17,4.2,290.0,1,35.47707354679229,11.053585316915425
2026-04-19 03:11:54,Zone industrielle Ksibet,Ville de Teboulba,city,36,3.3,4.2,290.0,1,35.66707349168768,10.863688809663081
2026-04-19 03:11:54,Zone industrielle Moknine,Ville de Moknine,city,33,3.55,4.2,290.0,1,35.60507350969793,10.92365493158363
2026-04-19 03:11:54,Zone industrielle Teboulba,Ville de Moknine,city,28,4.01,4.2,290.0,1,35.65707349459445,10.943683338440303
2026-04-19 03:11:54,Zone industrielle Teboulba,Ville de Teboulba,city,26,4.2,4.2,290.0,1,35.65707349459445,10.943683338440303
2026-04-19 03:11:54,Zone industrielle Monastir,Zone cotiere Monastir,forest,24,4.81,4.2,290.0,1,35.73707347131987,10.823727183950067
2026-04-19 03:11:54,Zone industrielle Sahline,Ville de Monastir,city,22,5.31,4.2,290.0,1,35.7220734756874,10.7837189497202
2026-04-19 03:17:55,Zone industrielle Sahline,Ville de Ksibet Mediouni,city,41,2.83,4.2,290.0,3,35.69617301751675,10.87111426386949
2026-04-19 03:17:55,Zone industrielle Ksibet,Ville de Moknine,city,30,3.87,4.2,290.0,3,35.641173161425705,10.951023959299956
2026-04-19 03:17:55,Zone industrielle Sahline,Ville de Teboulba,city,30,3.91,4.2,290.0,3,35.69617301751675,10.87111426386949
2026-04-19 03:17:55,Zone industrielle Monastir,Ville de Teboulba,city,21,4.69,4.2,290.0,3,35.7111729782344,10.911138934976059
2026-04-19 03:18:05,Zone industrielle Sahline,Ville de Ksibet Mediouni,city,41,2.83,4.2,290.0,3,35.69617301751675,10.87111426386949
2026-04-19 03:18:05,Zone industrielle Ksibet,Ville de Moknine,city,30,3.87,4.2,290.0,3,35.641173161425705,10.951023959299956
2026-04-19 03:18:05,Zone industrielle Sahline,Ville de Teboulba,city,30,3.91,4.2,290.0,3,35.69617301751675,10.87111426386949
2026-04-19 03:18:05,Zone industrielle Monastir,Ville de Teboulba,city,21,4.69,4.2,290.0,3,35.7111729782344,10.911138934976059
2026-04-19 03:18:56,Zone industrielle Sahline,Ville de Ksibet Mediouni,city,41,2.83,4.2,290.0,3,35.69617301751675,10.87111426386949
2026-04-19 03:18:56,Zone industrielle Ksibet,Ville de Moknine,city,30,3.87,4.2,290.0,3,35.641173161425705,10.951023959299956
2026-04-19 03:18:56,Zone industrielle Sahline,Ville de Teboulba,city,30,3.91,4.2,290.0,3,35.69617301751675,10.87111426386949
2026-04-19 03:18:56,Zone industrielle Monastir,Ville de Teboulba,city,21,4.69,4.2,290.0,3,35.7111729782344,10.911138934976059
2026-04-19 03:23:07,Zone industrielle Sahline,Ville de Ksibet Mediouni,city,41,2.83,4.2,290.0,3,35.69617301751675,10.87111426386949
2026-04-19 03:23:07,Zone industrielle Ksibet,Ville de Moknine,city,30,3.87,4.2,290.0,3,35.641173161425705,10.951023959299956
2026-04-19 03:23:07,Zone industrielle Sahline,Ville de Teboulba,city,30,3.91,4.2,290.0,3,35.69617301751675,10.87111426386949
2026-04-19 03:23:07,Zone industrielle Monastir,Ville de Teboulba,city,21,4.69,4.2,290.0,3,35.7111729782344,10.911138934976059
2026-04-19 03:23:15,Zone industrielle Sahline,Ville de Ksibet Mediouni,city,41,2.83,4.2,290.0,3,35.69617301751675,10.87111426386949
2026-04-19 03:23:15,Zone industrielle Ksibet,Ville de Moknine,city,30,3.87,4.2,290.0,3,35.641173161425705,10.951023959299956
2026-04-19 03:23:15,Zone industrielle Sahline,Ville de Teboulba,city,30,3.91,4.2,290.0,3,35.69617301751675,10.87111426386949
2026-04-19 03:23:15,Zone industrielle Monastir,Ville de Teboulba,city,21,4.69,4.2,290.0,3,35.7111729782344,10.911138934976059
2026-04-19 03:23:20,Zone industrielle Sahline,Ville de Ksibet Mediouni,city,41,2.83,4.2,290.0,3,35.69617301751675,10.87111426386949
2026-04-19 03:23:20,Zone industrielle Ksibet,Ville de Moknine,city,30,3.87,4.2,290.0,3,35.641173161425705,10.951023959299956
2026-04-19 03:23:20,Zone industrielle Sahline,Ville de Teboulba,city,30,3.91,4.2,290.0,3,35.69617301751675,10.87111426386949
2026-04-19 03:23:20,Zone industrielle Monastir,Ville de Teboulba,city,21,4.69,4.2,290.0,3,35.7111729782344,10.911138934976059
2026-04-19 03:23:31,Zone industrielle Sahline,Ville de Ksibet Mediouni,city,41,2.83,4.2,290.0,3,35.69617301751675,10.87111426386949
2026-04-19 03:23:31,Zone industrielle Ksibet,Ville de Moknine,city,30,3.87,4.2,290.0,3,35.641173161425705,10.951023959299956
2026-04-19 03:23:31,Zone industrielle Sahline,Ville de Teboulba,city,30,3.91,4.2,290.0,3,35.69617301751675,10.87111426386949
2026-04-19 03:23:31,Zone industrielle Monastir,Ville de Teboulba,city,21,4.69,4.2,290.0,3,35.7111729782344,10.911138934976059
2026-04-19 03:28:32,Zone industrielle Sahline,Ville de Teboulba,city,50,1.98,4.2,290.0,4,35.68319910898863,10.91479061643379
2026-04-19 03:32:36,Zone industrielle Sahline,Ville de Teboulba,city,50,1.98,4.2,290.0,4,35.68319910898863,10.91479061643379
2026-04-19 05:12:33,Zone industrielle Mahdia,Ville de Mahdia,city,52,2.0,4.7,274.4,1,35.48674618060499,11.061757509073571
2026-04-19 05:12:33,Zone industrielle Monastir,Ville de Monastir,city,47,2.7,4.7,274.4,1,35.746746074177196,10.83192603617881
2026-04-19 05:12:33,Zone industrielle Ksibet,Ville de Teboulba,city,43,2.65,4.7,274.4,1,35.67674610289899,10.871880450481887
2026-04-19 05:12:33,Zone industrielle Ksibet,Ville de Ksibet Mediouni,city,41,2.82,4.7,274.4,1,35.67674610289899,10.871880450481887
2026-04-19 05:12:33,Zone industrielle Moknine,Ville de Moknine,city,39,3.04,4.7,274.4,1,35.61474612829623,10.931840205933861
2026-04-19 05:12:33,Zone industrielle Monastir,Zone cotiere Monastir,forest,35,3.7,4.7,274.4,1,35.746746074177196,10.83192603617881
2026-04-19 05:12:33,Zone industrielle Sahline,Ville de Monastir,city,34,4.02,4.7,274.4,1,35.7317460803361,10.791916254547942
2026-04-19 05:12:33,Zone industrielle Teboulba,Ville de Teboulba,city,21,4.7,4.7,274.4,1,35.666746106997984,10.951873951090754
